research_area,magnet_source,hcl_molarity_M,acid_volume_ml,leaching_time_min,temperature_C,particle_size_um,stirring_speed_rpm,use_organic_acid,organic_acid_type,process_route,instrument_used,nd_initial_wt_g,nd_concentration_mg_L,nd_recovery_pct,energy_consumption_kwh,co2_emission_kg,sem_porosity_pct,surface_roughness_um,high_recovery_label,eco_friendly_label
Magnetic_Materials,Laptop_HDD,4,200,60,80,50,600,1,Malic_Acid,Hydrometallurgical,SEM_EDS_and_ICP_OES,1.336,6.65,99.5,2.118,1.394,5.82,0.9,1,1
Power_Electronics,Laptop_HDD,2,250,120,40,47,200,0,None,Hydrometallurgical,SEM_EDS_and_ICP_OES,1.114,4.17,93.51,2.787,1.802,1,0.387,1,0
Renewable_Energy_Systems,Laptop_HDD,1,250,180,25,44,200,0,None,Hybrid,SEM_EDS,1.502,5.27,87.69,3.786,1.653,7.33,0.698,1,0
Power_Electronics,EV_Motor,2,250,30,80,39,800,0,None,Hybrid,SEM_EDS_and_ICP_OES,1.445,5.75,99.5,1.658,1.085,4.88,0.769,1,0
Power_Electronics,EV_Motor,4,150,120,25,55,400,1,Citric_Acid,Hybrid,SEM_EDS_and_ICP_OES,1.025,6.8,99.5,2.708,1.42,4.5,0.842,1,0
Embedded_Systems_for_Recycling,Server_HDD,1,250,90,40,75,600,0,None,Hydrometallurgical,SEM_EDS_and_ICP_OES,1.121,4.21,93.9,2.36,1.124,5.22,0.779,1,0
Renewable_Energy_Systems,EV_Motor,4,200,180,60,52,800,0,None,Hydrometallurgical,SEM_EDS_and_ICP_OES,0.918,4.57,99.5,4.449,2.94,3.92,0.859,1,0
Magnetic_Materials,EV_Motor,4,100,90,60,65,400,1,Malic_Acid,Hydrometallurgical,SEM_EDS,1.144,11.38,99.5,2.476,1.311,5.06,0.626,1,0
Renewable_Energy_Systems,Server_HDD,1,150,120,25,29,400,1,Malic_Acid,Hydrometallurgical,SEM_EDS_and_ICP_OES,1.376,8.38,91.35,2.66,1.709,3.5,0.506,1,0
Magnetic_Materials,Wind_Turbine_Generator,4,200,30,25,52,600,0,None,Hydrometallurgical,SEM_EDS_and_ICP_OES,1.199,5.76,96.1,1.07,0.513,7.19,0.939,1,0
Magnetic_Materials,Laptop_HDD,0.5,100,60,25,34,800,0,None,Pyrometallurgical,SEM_EDS,1.33,9.75,73.34,1.688,0.677,4.64,0.517,0,0
Magnetic_Materials,Laptop_HDD,1,150,30,60,28,800,0,None,Hybrid,ICP_OES,1.033,6.69,97.2,1.384,0.759,3.86,0.798,1,0
Renewable_Energy_Systems,Laptop_HDD,1,150,180,60,39,400,1,Malic_Acid,Hydrometallurgical,ICP_OES,1.381,9.16,99.5,4.259,1.832,2.76,0.471,1,0
Renewable_Energy_Systems,Laptop_HDD,4,100,120,40,68,600,0,None,Hydrometallurgical,SEM_EDS_and_ICP_OES,1.178,11.53,97.85,2.907,1.821,5.16,1.243,1,0
Renewable_Energy_Systems,Server_HDD,2,150,120,60,64,200,0,None,Hybrid,SEM_EDS,1.263,8.24,97.9,2.983,1.44,5,0.715,1,0
Embedded_Systems_for_Recycling,Wind_Turbine_Generator,1,200,180,80,54,800,0,None,Hydrometallurgical,SEM_EDS_and_ICP_OES,1.247,6.2,99.5,4.76,2.538,5.38,0.775,1,0
Magnetic_Materials,Laptop_HDD,2,150,30,25,27,800,0,None,Hybrid,SEM_EDS_and_ICP_OES,1.07,6.59,92.45,1.061,0.452,2.62,0.751,1,0
Embedded_Systems_for_Recycling,Laptop_HDD,2,50,60,40,47,200,1,Malic_Acid,Hybrid,SEM_EDS_and_ICP_OES,1.088,18.86,86.66,1.567,0.762,1.53,0.672,1,1
Power_Electronics,Server_HDD,0.5,50,30,60,55,400,0,None,Hybrid,SEM_EDS_and_ICP_OES,1.406,21.4,76.11,1.162,0.737,6.09,0.854,0,0
Magnetic_Materials,Wind_Turbine_Generator,4,100,60,40,53,200,0,None,Hydrometallurgical,SEM_EDS_and_ICP_OES,1.321,12.18,92.18,1.573,0.701,7.65,0.93,1,0
Embedded_Systems_for_Recycling,Laptop_HDD,4,250,60,40,22,400,0,None,Pyrometallurgical,SEM_EDS,1.419,5.65,99.5,1.606,0.954,2.55,0.852,1,0
Power_Electronics,Server_HDD,2,100,90,60,37,600,0,None,Hydrometallurgical,SEM_EDS_and_ICP_OES,1.31,12.44,94.98,2.519,1.701,7.83,0.893,1,0
Power_Electronics,Laptop_HDD,4,150,60,80,49,400,0,None,Pyrometallurgical,ICP_OES,1.282,8.5,99.5,1.995,1.205,5.17,0.761,1,0
Magnetic_Materials,Laptop_HDD,2,100,30,80,58,200,1,Citric_Acid,Hydrometallurgical,SEM_EDS_and_ICP_OES,1.002,9.35,93.33,1.387,0.892,4.65,0.811,1,1
Magnetic_Materials,Wind_Turbine_Generator,4,100,60,60,17,400,1,Malic_Acid,Hydrometallurgical,ICP_OES,1.22,12.14,99.5,1.9,0.822,3.81,1.105,1,1
Magnetic_Materials,Wind_Turbine_Generator,2,200,30,60,48,800,1,Malic_Acid,Hydrometallurgical,SEM_EDS_and_ICP_OES,1.257,6.25,99.5,1.451,0.69,1.84,0.98,1,1
Power_Electronics,Laptop_HDD,2,200,180,40,52,600,1,Malic_Acid,Hydrometallurgical,SEM_EDS_and_ICP_OES,1.554,7.71,99.26,4.107,2.745,6.58,0.626,1,0
Magnetic_Materials,Wind_Turbine_Generator,1,50,120,60,63,400,1,Citric_Acid,Hybrid,SEM_EDS_and_ICP_OES,1.364,22.21,81.41,3.129,1.923,3.23,0.885,0,0
Power_Electronics,Server_HDD,4,100,180,40,60,200,0,None,Hybrid,SEM_EDS,1.491,14.84,99.5,3.912,2.315,3.05,0.783,1,0
Power_Electronics,Wind_Turbine_Generator,2,50,60,40,59,800,1,Malic_Acid,Pyrometallurgical,SEM_EDS,1.351,24.34,90.07,1.742,1.044,6.68,0.818,1,1
Power_Electronics,Server_HDD,1,150,60,60,38,600,1,Malic_Acid,Hydrometallurgical,SEM_EDS_and_ICP_OES,1.154,7.04,91.47,1.973,1.034,1,0.494,1,1
Magnetic_Materials,Server_HDD,0.5,150,120,60,21,400,1,Malic_Acid,Hybrid,SEM_EDS,1.279,8.33,97.64,2.995,1.238,1.58,0.573,1,0
Magnetic_Materials,Server_HDD,2,50,60,40,44,200,0,None,Hydrometallurgical,SEM_EDS_and_ICP_OES,1.296,22.38,86.34,1.599,1.016,4.7,1.132,1,0
Magnetic_Materials,EV_Motor,2,100,60,80,65,200,0,None,Hybrid,SEM_EDS,1.12,10,89.25,1.931,1.166,5.29,0.991,1,0
Renewable_Energy_Systems,Laptop_HDD,2,100,60,25,71,200,1,Citric_Acid,Hybrid,SEM_EDS_and_ICP_OES,1.203,10.62,88.29,1.43,0.775,5.69,0.407,1,1
Embedded_Systems_for_Recycling,Laptop_HDD,4,250,30,40,61,600,1,Malic_Acid,Hydrometallurgical,ICP_OES,1.23,4.79,97.28,1.22,0.817,4.02,1.098,1,1
Renewable_Energy_Systems,Laptop_HDD,0.5,250,60,25,56,800,1,Citric_Acid,Hybrid,SEM_EDS_and_ICP_OES,1.502,5.54,92.27,1.64,0.821,9.74,1.048,1,1
Magnetic_Materials,EV_Motor,2,50,60,60,56,400,0,None,Hydrometallurgical,SEM_EDS_and_ICP_OES,0.949,17.77,93.63,1.822,0.89,4.21,0.758,1,0
Renewable_Energy_Systems,Laptop_HDD,1,200,90,60,42,600,0,None,Hydrometallurgical,ICP_OES,1.442,7.17,99.5,2.546,1.685,4.14,0.903,1,0
Renewable_Energy_Systems,EV_Motor,4,100,30,40,48,400,0,None,Hydrometallurgical,SEM_EDS,1.12,10.27,91.68,1.127,0.72,3.09,0.618,1,0
Renewable_Energy_Systems,Wind_Turbine_Generator,4,100,60,60,75,600,1,Citric_Acid,Hydrometallurgical,SEM_EDS,1.055,10.5,99.5,1.917,1.063,4.85,0.831,1,1
Renewable_Energy_Systems,Laptop_HDD,2,200,120,40,36,600,0,None,Hybrid,SEM_EDS_and_ICP_OES,1.438,7.15,99.5,2.92,1.283,5.83,1.03,1,0
Magnetic_Materials,EV_Motor,2,250,30,60,74,200,0,None,Hydrometallurgical,SEM_EDS_and_ICP_OES,1.371,5.14,93.68,1.174,0.545,7.07,0.866,1,0
Magnetic_Materials,Server_HDD,1,250,60,40,45,400,1,Malic_Acid,Hydrometallurgical,SEM_EDS_and_ICP_OES,1.449,5.44,93.91,1.621,0.968,1.68,0.401,1,1
Power_Electronics,Wind_Turbine_Generator,2,150,120,40,70,600,0,None,Pyrometallurgical,SEM_EDS_and_ICP_OES,1.381,8.6,93.4,2.958,1.525,4.17,0.887,1,0
Embedded_Systems_for_Recycling,Laptop_HDD,4,100,60,80,29,200,1,Malic_Acid,Hybrid,ICP_OES,1.57,15.62,99.5,1.872,1.219,5.5,0.679,1,1
Renewable_Energy_Systems,EV_Motor,2,200,30,40,59,400,0,None,Hybrid,ICP_OES,1.345,5.61,83.46,1.161,0.795,5.94,1.085,0,0
Magnetic_Materials,EV_Motor,1,100,90,25,39,400,1,Malic_Acid,Hybrid,SEM_EDS,1.238,9.31,75.2,2.033,1.305,4.86,0.748,0,1
Embedded_Systems_for_Recycling,Wind_Turbine_Generator,2,150,60,60,29,800,1,Malic_Acid,Pyrometallurgical,ICP_OES,1.312,8.62,98.57,2.034,1.044,5.7,0.611,1,1
Magnetic_Materials,EV_Motor,4,100,90,80,53,400,1,Malic_Acid,Hydrometallurgical,SEM_EDS_and_ICP_OES,1.448,14.41,99.5,2.648,1.686,2.99,1.024,1,0
Power_Electronics,Server_HDD,1,150,120,40,65,600,1,Malic_Acid,Hydrometallurgical,SEM_EDS_and_ICP_OES,1.144,7.11,93.24,3.046,1.54,7.78,0.899,1,0
Embedded_Systems_for_Recycling,Server_HDD,1,100,30,25,37,400,0,None,Hydrometallurgical,ICP_OES,1.163,10.16,87.33,0.834,0.375,6.71,0.585,1,0
Magnetic_Materials,Wind_Turbine_Generator,2,100,90,40,28,600,0,None,Hydrometallurgical,SEM_EDS_and_ICP_OES,1.215,11.48,94.47,2.449,1.004,1.97,0.921,1,0
Renewable_Energy_Systems,Server_HDD,4,250,90,60,49,600,0,None,Pyrometallurgical,SEM_EDS_and_ICP_OES,0.945,3.76,99.5,2.588,1.335,2.45,0.834,1,0
Power_Electronics,Laptop_HDD,0.5,50,30,40,49,800,1,Citric_Acid,Hydrometallurgical,ICP_OES,1.282,21.57,84.13,1.271,0.853,2.66,0.796,0,1
Magnetic_Materials,Wind_Turbine_Generator,1,150,90,60,58,400,1,Malic_Acid,Hybrid,SEM_EDS,0.978,5.73,87.81,2.401,1.133,6.08,0.876,1,0
Magnetic_Materials,EV_Motor,0.5,100,60,80,64,600,0,None,Hydrometallurgical,SEM_EDS,1.269,11.64,91.71,2.179,1.007,2.11,0.656,1,0
Magnetic_Materials,EV_Motor,1,50,90,40,49,600,1,Citric_Acid,Hydrometallurgical,SEM_EDS_and_ICP_OES,1.391,25.74,92.54,2.314,1.599,4.01,0.689,1,0
Embedded_Systems_for_Recycling,Laptop_HDD,2,50,30,40,78,400,0,None,Hydrometallurgical,SEM_EDS_and_ICP_OES,1.189,18.49,77.77,1.113,0.454,5.73,0.941,0,0
Magnetic_Materials,EV_Motor,2,100,90,40,53,200,1,Malic_Acid,Hybrid,SEM_EDS_and_ICP_OES,1.513,12.11,80.03,2.101,1.336,4.67,0.776,0,1
Power_Electronics,Laptop_HDD,2,200,60,25,45,200,1,Citric_Acid,Hybrid,SEM_EDS,1.042,4.08,78.27,1.394,0.692,5.34,1.029,0,1
Renewable_Energy_Systems,EV_Motor,2,100,120,80,26,200,0,None,Hybrid,SEM_EDS,1.44,13.8,95.85,3.122,1.284,2.51,0.723,1,0
Power_Electronics,Laptop_HDD,1,250,30,40,46,800,0,None,Hydrometallurgical,SEM_EDS_and_ICP_OES,1.362,5.11,93.77,1.201,0.811,5.85,0.951,1,0
Magnetic_Materials,EV_Motor,4,150,60,40,45,400,0,None,Hybrid,SEM_EDS_and_ICP_OES,1.004,6.66,99.5,1.687,0.745,3.38,0.777,1,0
Power_Electronics,Wind_Turbine_Generator,2,100,90,60,64,400,1,Citric_Acid,Hydrometallurgical,SEM_EDS_and_ICP_OES,1.6,14.11,88.2,2.477,1.401,4.07,1.081,1,0
Magnetic_Materials,Laptop_HDD,4,150,120,40,57,600,0,None,Hydrometallurgical,SEM_EDS_and_ICP_OES,1.251,8.3,99.5,3.01,1.451,5.08,0.915,1,0
Magnetic_Materials,Wind_Turbine_Generator,2,150,90,60,32,400,0,None,Hybrid,SEM_EDS,1.129,7.25,96.32,2.361,0.991,4.84,0.713,1,0
Embedded_Systems_for_Recycling,Server_HDD,0.5,200,90,25,53,400,0,None,Hydrometallurgical,SEM_EDS_and_ICP_OES,1.05,3.72,70.83,2.153,0.893,4.94,0.812,0,0
Renewable_Energy_Systems,Wind_Turbine_Generator,2,100,120,80,60,200,0,None,Pyrometallurgical,SEM_EDS_and_ICP_OES,1.228,10.63,86.53,3.275,1.424,3.23,0.659,1,0
Magnetic_Materials,EV_Motor,1,100,120,80,73,800,0,None,Hydrometallurgical,ICP_OES,1.242,12.3,99,3.427,1.444,4.01,1.016,1,0
Power_Electronics,Server_HDD,2,200,60,60,63,800,1,Malic_Acid,Pyrometallurgical,SEM_EDS_and_ICP_OES,1.276,6.1,95.62,2.145,1.347,4.65,0.857,1,1
Magnetic_Materials,EV_Motor,0.5,250,90,80,61,800,0,None,Hybrid,SEM_EDS,1.216,4.84,99.5,2.837,1.548,1.85,0.755,1,0
Power_Electronics,Wind_Turbine_Generator,1,200,120,40,51,400,1,Citric_Acid,Hydrometallurgical,SEM_EDS,1.356,6.22,91.8,2.781,1.398,3.76,1.026,1,0
Renewable_Energy_Systems,Server_HDD,4,100,180,40,56,600,1,Malic_Acid,Pyrometallurgical,SEM_EDS,1.203,11.97,99.5,4.135,2.173,5.38,0.58,1,0
Magnetic_Materials,Laptop_HDD,1,200,120,60,69,200,0,None,Hydrometallurgical,SEM_EDS,0.971,4.46,91.94,3.002,2.037,2.13,0.811,1,0
Power_Electronics,EV_Motor,4,150,60,60,30,200,0,None,Pyrometallurgical,ICP_OES,1.239,8.22,99.5,1.708,1.15,6.92,0.906,1,0
Power_Electronics,EV_Motor,1,150,60,40,45,200,1,Malic_Acid,Hydrometallurgical,ICP_OES,0.906,5.44,90.1,1.52,0.934,7.24,0.838,1,1
Magnetic_Materials,EV_Motor,2,100,90,40,38,600,1,Malic_Acid,Hydrometallurgical,SEM_EDS_and_ICP_OES,1.314,11.29,85.89,2.38,1.584,2.25,0.73,1,0
Magnetic_Materials,EV_Motor,2,150,120,25,56,400,0,None,Hydrometallurgical,ICP_OES,1.114,6.68,89.99,2.7,1.339,7.42,0.88,1,0
Magnetic_Materials,Server_HDD,2,100,90,40,68,400,0,None,Hydrometallurgical,ICP_OES,1.286,10.88,84.61,2.279,1.172,4.47,0.926,0,0
Magnetic_Materials,EV_Motor,1,100,90,40,41,200,0,None,Hybrid,SEM_EDS,1.458,11.37,77.98,2.162,1.263,5.66,0.452,0,0
Magnetic_Materials,Laptop_HDD,1,200,120,60,14,400,1,Citric_Acid,Hydrometallurgical,SEM_EDS_and_ICP_OES,1.119,5.57,99.5,3.074,1.805,3.61,0.55,1,0
Renewable_Energy_Systems,Server_HDD,0.5,100,60,40,44,600,0,None,Hydrometallurgical,ICP_OES,1.42,11.73,82.59,1.728,0.941,6.62,1.093,0,0
Renewable_Energy_Systems,Laptop_HDD,1,50,120,25,64,400,0,None,Hydrometallurgical,ICP_OES,1.196,18.43,77.06,2.712,1.411,5.64,0.738,0,0
Power_Electronics,Laptop_HDD,2,50,60,60,58,600,1,Citric_Acid,Hydrometallurgical,SEM_EDS_and_ICP_OES,1.524,27.95,91.71,1.904,1.325,3.05,0.776,1,1
Embedded_Systems_for_Recycling,Laptop_HDD,4,250,60,60,56,400,1,Citric_Acid,Hybrid,SEM_EDS_and_ICP_OES,1.206,4.8,99.5,1.914,1.237,2.27,0.722,1,1
Magnetic_Materials,Laptop_HDD,4,150,90,80,46,600,0,None,Hybrid,SEM_EDS_and_ICP_OES,1.135,7.53,99.5,2.718,1.442,1.68,0.763,1,0
Renewable_Energy_Systems,EV_Motor,4,100,120,60,31,600,0,None,Hydrometallurgical,ICP_OES,1.364,13.57,99.5,3.206,1.982,4.98,0.588,1,0
Renewable_Energy_Systems,Laptop_HDD,4,200,30,40,58,400,1,Malic_Acid,Hybrid,SEM_EDS,1.196,5.95,99.5,1.038,0.499,5.75,0.937,1,1
Embedded_Systems_for_Recycling,Server_HDD,2,200,60,80,37,400,0,None,Pyrometallurgical,SEM_EDS_and_ICP_OES,1.135,5.65,99.5,2.06,0.886,5.91,0.774,1,0
Power_Electronics,Laptop_HDD,1,100,180,60,83,600,0,None,Hydrometallurgical,SEM_EDS,1.189,11.14,93.73,4.325,2.187,4.43,1.12,1,0
Magnetic_Materials,Laptop_HDD,4,150,60,25,59,600,1,Malic_Acid,Pyrometallurgical,ICP_OES,1.254,7.89,94.42,1.549,0.807,2.34,0.635,1,1
Magnetic_Materials,Laptop_HDD,2,200,90,60,41,400,0,None,Hydrometallurgical,SEM_EDS,1.462,7.27,99.5,2.363,0.957,3.24,0.687,1,0
Magnetic_Materials,Laptop_HDD,2,150,90,80,41,400,1,Citric_Acid,Pyrometallurgical,SEM_EDS_and_ICP_OES,0.971,6.44,99.5,2.597,1.674,6.91,0.71,1,0
Power_Electronics,Server_HDD,0.5,100,90,40,49,800,1,Citric_Acid,Hybrid,SEM_EDS,1.264,11.2,88.61,2.434,1.236,3.74,0.886,1,0
Embedded_Systems_for_Recycling,EV_Motor,2,200,90,40,46,600,0,None,Hydrometallurgical,SEM_EDS_and_ICP_OES,1.355,6.48,95.6,2.361,1.356,4.93,0.621,1,0
Embedded_Systems_for_Recycling,Server_HDD,2,150,60,25,67,400,0,None,Hybrid,SEM_EDS_and_ICP_OES,1.29,6.89,80.16,1.551,0.655,2.65,1.068,0,0
Magnetic_Materials,Server_HDD,4,100,90,40,53,400,1,Malic_Acid,Hybrid,ICP_OES,1.457,13.44,92.25,2.228,1.008,5.35,1.052,1,0
Magnetic_Materials,Laptop_HDD,2,100,60,40,39,400,1,Malic_Acid,Hydrometallurgical,SEM_EDS_and_ICP_OES,1.25,11,88.03,1.606,1.071,3.8,0.547,1,1
Embedded_Systems_for_Recycling,Wind_Turbine_Generator,1,50,90,60,78,600,1,Malic_Acid,Pyrometallurgical,SEM_EDS_and_ICP_OES,1.233,21.63,87.72,2.478,1.444,6.82,0.842,1,0
Magnetic_Materials,Server_HDD,4,50,30,25,51,400,1,Citric_Acid,Hydrometallurgical,SEM_EDS_and_ICP_OES,1.35,24.73,91.61,0.924,0.633,6.23,0.699,1,1
Power_Electronics,Server_HDD,0.5,200,90,80,62,800,0,None,Hybrid,ICP_OES,1.276,6.35,99.5,2.919,2.042,3.61,1.386,1,0
Magnetic_Materials,Laptop_HDD,2,50,60,60,41,400,1,Malic_Acid,Pyrometallurgical,SEM_EDS_and_ICP_OES,1.202,21.01,87.39,1.913,0.979,4.47,0.669,1,1
Magnetic_Materials,Laptop_HDD,0.5,100,60,60,55,400,0,None,Hydrometallurgical,ICP_OES,1.338,10.54,78.78,1.885,0.923,3.71,1.161,0,0
Renewable_Energy_Systems,Laptop_HDD,2,150,60,80,55,600,0,None,Hydrometallurgical,SEM_EDS_and_ICP_OES,1.163,7.71,99.5,2.182,1.435,1.77,0.572,1,0
Magnetic_Materials,Laptop_HDD,4,50,60,25,22,800,0,None,Pyrometallurgical,ICP_OES,1.169,21.58,92.31,1.785,1.249,2.96,0.462,1,0
Embedded_Systems_for_Recycling,Server_HDD,1,250,120,40,80,600,0,None,Hydrometallurgical,ICP_OES,1.182,4.34,91.82,2.967,1.747,5.08,0.813,1,0
Embedded_Systems_for_Recycling,Server_HDD,4,100,60,60,69,400,1,Malic_Acid,Hydrometallurgical,SEM_EDS_and_ICP_OES,1.464,14.57,99.5,1.882,1.202,5.26,0.726,1,1
Renewable_Energy_Systems,Server_HDD,1,100,180,80,44,600,0,None,Hydrometallurgical,SEM_EDS_and_ICP_OES,0.8,7.96,99.5,4.534,2.877,4.9,0.716,1,0
Power_Electronics,EV_Motor,4,100,180,60,33,600,0,None,Hydrometallurgical,SEM_EDS_and_ICP_OES,1.32,13.13,99.5,4.282,2.169,4,0.573,1,0
Embedded_Systems_for_Recycling,EV_Motor,4,100,90,40,55,400,0,None,Hydrometallurgical,SEM_EDS,1.266,12.6,99.5,2.216,1.268,6.47,0.661,1,0
Magnetic_Materials,EV_Motor,4,50,30,80,51,200,1,Citric_Acid,Hydrometallurgical,ICP_OES,1.009,19.96,98.92,1.35,0.877,4.74,1.037,1,1
Power_Electronics,Wind_Turbine_Generator,0.5,200,60,25,55,400,1,Citric_Acid,Hydrometallurgical,SEM_EDS_and_ICP_OES,1.307,5.77,88.36,1.503,0.911,6.12,1.07,1,1
Embedded_Systems_for_Recycling,Laptop_HDD,4,250,120,80,53,400,0,None,Pyrometallurgical,SEM_EDS_and_ICP_OES,1.332,5.3,99.5,3.346,1.36,1.06,1.005,1,0
Embedded_Systems_for_Recycling,Laptop_HDD,2,100,60,80,58,800,0,None,Hydrometallurgical,SEM_EDS_and_ICP_OES,1.349,13.42,99.5,2.254,1.129,1,0.945,1,0
Magnetic_Materials,Laptop_HDD,1,150,30,40,72,400,0,None,Hydrometallurgical,SEM_EDS,0.863,4.5,78.15,1.109,0.492,5.39,0.929,0,0
Magnetic_Materials,Server_HDD,4,200,90,60,59,800,1,Citric_Acid,Hydrometallurgical,ICP_OES,1.466,7.29,99.5,2.628,1.235,1.76,0.746,1,0
Renewable_Energy_Systems,Wind_Turbine_Generator,1,200,120,25,34,400,1,Citric_Acid,Pyrometallurgical,SEM_EDS_and_ICP_OES,1.15,4.72,82.17,2.684,1.803,4.35,0.529,0,0
Power_Electronics,Laptop_HDD,4,100,120,40,70,600,0,None,Hydrometallurgical,SEM_EDS_and_ICP_OES,1.364,13.57,99.5,2.884,1.186,4,0.973,1,0
Renewable_Energy_Systems,Wind_Turbine_Generator,0.5,100,60,60,75,400,1,Citric_Acid,Hydrometallurgical,SEM_EDS,1.372,11.3,82.36,1.813,0.845,7.95,0.69,0,1
Magnetic_Materials,Laptop_HDD,2,100,90,60,97,200,0,None,Hydrometallurgical,SEM_EDS_and_ICP_OES,1.129,9.75,86.4,2.376,1.171,5.54,0.836,1,0
Power_Electronics,Wind_Turbine_Generator,2,200,60,80,33,400,1,Citric_Acid,Hybrid,SEM_EDS_and_ICP_OES,1.36,6.77,99.5,2.05,1.199,4.94,0.946,1,1
Renewable_Energy_Systems,Laptop_HDD,0.5,200,60,60,54,200,0,None,Hybrid,SEM_EDS,1.203,4.63,77,1.797,1.007,6.5,1.2,0,0
Renewable_Energy_Systems,Laptop_HDD,1,100,120,40,19,600,0,None,Hybrid,ICP_OES,0.95,8.12,85.52,2.959,1.377,5.48,0.724,1,0
Magnetic_Materials,Server_HDD,0.5,100,60,80,58,400,0,None,Hybrid,ICP_OES,1.436,11.57,80.57,2.032,0.913,3.88,1.061,0,0
Embedded_Systems_for_Recycling,Laptop_HDD,2,250,60,80,42,600,0,None,Pyrometallurgical,SEM_EDS_and_ICP_OES,1.145,4.52,98.77,2.257,1.063,6.76,0.711,1,0
Renewable_Energy_Systems,Laptop_HDD,1,200,30,25,79,400,1,Citric_Acid,Hydrometallurgical,SEM_EDS,1.133,3.62,63.85,0.895,0.493,2.74,0.677,0,1
Renewable_Energy_Systems,Laptop_HDD,2,250,120,80,38,200,0,None,Pyrometallurgical,SEM_EDS,1.201,4.78,99.5,3.208,1.544,5.25,0.862,1,0
Magnetic_Materials,EV_Motor,1,200,120,25,25,400,1,Malic_Acid,Hydrometallurgical,SEM_EDS_and_ICP_OES,1.302,6.48,99.5,2.68,1.834,1.51,0.789,1,0
Renewable_Energy_Systems,Server_HDD,1,100,90,80,43,800,1,Malic_Acid,Pyrometallurgical,SEM_EDS,1.252,12.46,99.5,2.885,1.555,5.01,0.779,1,0
Power_Electronics,Laptop_HDD,2,150,120,40,20,600,0,None,Hybrid,SEM_EDS,1.343,8.07,90.12,2.996,1.251,5.08,0.602,1,0
Renewable_Energy_Systems,Server_HDD,0.5,150,60,25,61,400,0,None,Hydrometallurgical,ICP_OES,1.06,5.02,71.09,1.51,0.934,8.24,1.047,0,0
Power_Electronics,EV_Motor,4,50,90,40,19,400,0,None,Hydrometallurgical,SEM_EDS_and_ICP_OES,1.15,21.99,95.61,2.132,1.063,1.51,0.448,1,0
Power_Electronics,Laptop_HDD,4,150,60,60,50,200,1,Malic_Acid,Hydrometallurgical,SEM_EDS_and_ICP_OES,1.244,8.07,97.31,1.751,1.044,3.43,0.645,1,1
Renewable_Energy_Systems,Server_HDD,2,200,30,40,19,800,0,None,Pyrometallurgical,ICP_OES,1.546,7.49,96.9,1.312,0.635,6.28,0.443,1,0
Renewable_Energy_Systems,Laptop_HDD,2,100,90,25,45,600,0,None,Pyrometallurgical,SEM_EDS_and_ICP_OES,1.244,10.62,85.35,2.226,1.272,5.42,0.792,1,0
Embedded_Systems_for_Recycling,Laptop_HDD,4,200,180,60,75,400,0,None,Hybrid,SEM_EDS_and_ICP_OES,1.424,7.08,99.5,4.272,2.698,4.97,0.707,1,0
Renewable_Energy_Systems,EV_Motor,1,150,30,80,55,600,1,Malic_Acid,Hydrometallurgical,SEM_EDS,1.267,8.4,99.5,1.464,0.993,2.69,0.688,1,1
Magnetic_Materials,Laptop_HDD,0.5,250,60,40,37,200,0,None,Hybrid,SEM_EDS,1.188,4.17,87.83,1.514,0.724,3.54,0.594,1,0
Magnetic_Materials,Server_HDD,1,50,60,40,50,800,0,None,Pyrometallurgical,ICP_OES,1.224,21.77,88.91,1.871,0.936,7.2,0.748,1,0
Power_Electronics,EV_Motor,4,100,60,40,50,200,0,None,Hybrid,ICP_OES,1.236,12.3,99.5,1.571,0.847,4.5,0.503,1,0
Magnetic_Materials,Laptop_HDD,0.5,150,180,25,57,600,0,None,Hydrometallurgical,SEM_EDS_and_ICP_OES,1.352,7.55,83.79,4.061,2.754,5.51,0.852,0,0
Power_Electronics,Server_HDD,2,100,90,80,29,400,1,Citric_Acid,Hydrometallurgical,SEM_EDS_and_ICP_OES,1.467,14.6,99.5,2.643,1.772,4.37,0.944,1,0
Embedded_Systems_for_Recycling,Laptop_HDD,4,200,90,80,59,600,0,None,Pyrometallurgical,ICP_OES,1.315,6.54,99.5,2.77,1.183,2.24,0.872,1,0
Power_Electronics,Wind_Turbine_Generator,4,200,120,60,10,600,1,Citric_Acid,Hybrid,SEM_EDS,1.439,7.16,99.5,3.151,1.385,6.47,0.908,1,0
Renewable_Energy_Systems,Server_HDD,2,50,60,40,41,600,1,Malic_Acid,Hybrid,SEM_EDS,1.116,20.07,89.94,1.701,0.933,5.71,1.022,1,1
Power_Electronics,EV_Motor,0.5,150,90,60,43,600,1,Citric_Acid,Hydrometallurgical,SEM_EDS_and_ICP_OES,1.199,7.44,93.09,2.437,1.053,9.28,0.921,1,0
Embedded_Systems_for_Recycling,Server_HDD,4,150,60,60,59,800,1,Malic_Acid,Hydrometallurgical,ICP_OES,1.152,7.64,99.5,2.072,1.044,2.57,0.86,1,1
Magnetic_Materials,Laptop_HDD,2,100,90,80,50,200,0,None,Hybrid,SEM_EDS_and_ICP_OES,1.308,11.34,86.7,2.559,1.138,6.38,0.805,1,0
Magnetic_Materials,Server_HDD,0.5,250,180,60,29,400,0,None,Hydrometallurgical,SEM_EDS,1.207,4.8,99.5,4.219,2.493,1.98,0.848,1,0
Power_Electronics,Wind_Turbine_Generator,0.5,200,120,60,35,400,1,Malic_Acid,Pyrometallurgical,SEM_EDS_and_ICP_OES,1.37,6.72,98.13,2.969,2.033,4.93,0.647,1,0
Magnetic_Materials,Server_HDD,4,150,60,60,53,800,0,None,Hydrometallurgical,SEM_EDS_and_ICP_OES,1.121,7.44,99.5,2.081,1.455,6.56,0.438,1,0
Power_Electronics,EV_Motor,2,200,120,40,49,400,1,Citric_Acid,Hydrometallurgical,ICP_OES,1.267,6.24,98.51,2.837,1.454,1,0.893,1,0
Embedded_Systems_for_Recycling,Wind_Turbine_Generator,4,150,60,80,41,600,0,None,Hybrid,ICP_OES,1.364,9.05,99.5,2.178,1.263,4.2,0.529,1,0
Power_Electronics,Laptop_HDD,4,250,30,60,43,600,1,Malic_Acid,Hybrid,SEM_EDS_and_ICP_OES,0.951,3.78,99.5,1.443,0.948,3.48,0.573,1,1
Power_Electronics,Laptop_HDD,2,150,60,60,60,400,1,Malic_Acid,Hydrometallurgical,ICP_OES,1.579,9.17,87.12,1.743,0.759,3.32,0.85,1,1
Power_Electronics,Server_HDD,2,200,60,40,42,400,0,None,Hydrometallurgical,SEM_EDS_and_ICP_OES,1.219,5.71,93.62,1.615,0.98,5.43,0.741,1,0
Renewable_Energy_Systems,Server_HDD,2,200,90,60,49,400,0,None,Hybrid,SEM_EDS,0.957,4.55,95.06,2.44,1.275,6.89,0.513,1,0
Magnetic_Materials,EV_Motor,1,100,90,60,83,400,1,Citric_Acid,Hydrometallurgical,SEM_EDS_and_ICP_OES,1.285,11.42,88.83,2.523,1.165,4.45,0.998,1,0
Power_Electronics,Wind_Turbine_Generator,2,200,180,40,29,400,1,Malic_Acid,Hybrid,SEM_EDS,1.266,6.3,99.5,3.968,2.067,5.02,0.888,1,0
Magnetic_Materials,Laptop_HDD,4,100,90,25,22,200,0,None,Hydrometallurgical,SEM_EDS_and_ICP_OES,1.249,10.7,85.63,2.097,0.887,4.97,0.434,1,0
Renewable_Energy_Systems,Laptop_HDD,2,100,90,60,62,800,1,Citric_Acid,Pyrometallurgical,SEM_EDS_and_ICP_OES,1.41,12.98,92.04,2.657,1.617,4.68,1.114,1,0
Magnetic_Materials,EV_Motor,4,100,30,60,40,800,0,None,Hybrid,SEM_EDS_and_ICP_OES,1.373,13.16,95.82,1.445,0.688,2.46,0.438,1,0
Renewable_Energy_Systems,Laptop_HDD,2,250,30,60,45,400,0,None,Pyrometallurgical,SEM_EDS_and_ICP_OES,1.306,4.58,87.75,1.24,0.612,6.94,1.198,1,0
Renewable_Energy_Systems,EV_Motor,2,200,90,40,38,400,1,Citric_Acid,Hydrometallurgical,SEM_EDS_and_ICP_OES,1.329,6.61,99.5,2.228,0.972,5.2,0.658,1,0
Magnetic_Materials,Server_HDD,2,200,60,60,46,200,1,Malic_Acid,Pyrometallurgical,ICP_OES,1.245,5.52,88.7,1.802,1.188,5.5,0.809,1,1
Power_Electronics,EV_Motor,2,200,120,25,74,600,1,Citric_Acid,Hydrometallurgical,SEM_EDS_and_ICP_OES,1.527,6.73,88.1,2.747,1.505,3.11,0.542,1,0
Power_Electronics,Laptop_HDD,2,150,60,40,62,600,1,Malic_Acid,Hydrometallurgical,SEM_EDS_and_ICP_OES,1.039,6.29,90.77,1.767,1.01,3.77,0.848,1,1
Embedded_Systems_for_Recycling,Server_HDD,1,250,30,40,63,200,0,None,Hybrid,ICP_OES,1.282,3.6,70.26,0.931,0.531,4.55,0.911,0,0
Embedded_Systems_for_Recycling,Server_HDD,2,150,60,40,29,200,1,Malic_Acid,Hybrid,SEM_EDS_and_ICP_OES,1.271,6.85,80.87,1.512,0.791,1.72,0.678,0,1
Renewable_Energy_Systems,Server_HDD,0.5,100,60,40,33,600,0,None,Pyrometallurgical,SEM_EDS_and_ICP_OES,1.383,10.93,79.04,1.879,0.86,1.43,0.602,0,0
Renewable_Energy_Systems,Laptop_HDD,1,100,30,40,10,600,0,None,Hydrometallurgical,SEM_EDS_and_ICP_OES,1.134,9.03,79.63,1.171,0.73,3.6,0.411,0,0
Magnetic_Materials,EV_Motor,2,200,120,25,38,200,0,None,Hydrometallurgical,ICP_OES,0.999,4.64,92.96,2.631,1.153,5.72,0.966,1,0
Renewable_Energy_Systems,Wind_Turbine_Generator,2,200,30,40,64,600,0,None,Hydrometallurgical,SEM_EDS,1.285,5.77,89.74,1.207,0.52,3.4,0.876,1,0
Power_Electronics,Laptop_HDD,4,100,90,60,58,400,0,None,Pyrometallurgical,SEM_EDS,1.303,12.63,96.93,2.379,1.458,2.59,1.148,1,0
Power_Electronics,Laptop_HDD,2,50,60,40,47,400,0,None,Hybrid,SEM_EDS,1.484,23.54,79.31,1.738,0.804,3.18,0.68,0,0
Magnetic_Materials,Laptop_HDD,2,200,60,40,50,600,0,None,Hydrometallurgical,SEM_EDS_and_ICP_OES,1.07,5.23,97.76,1.625,0.8,3.71,0.713,1,0
Magnetic_Materials,Server_HDD,2,50,60,80,40,600,0,None,Hybrid,ICP_OES,1.434,28.54,99.5,2.112,1.146,3.9,0.913,1,0
Power_Electronics,Server_HDD,2,200,120,25,53,400,1,Citric_Acid,Hydrometallurgical,ICP_OES,1.6,7.57,94.58,2.677,1.432,8.99,0.49,1,0
Power_Electronics,Server_HDD,0.5,250,60,60,61,800,0,None,Hydrometallurgical,SEM_EDS_and_ICP_OES,1.204,4.79,99.5,2.079,1.274,6.71,0.612,1,0
Power_Electronics,Laptop_HDD,1,100,120,25,26,400,0,None,Hydrometallurgical,ICP_OES,1.067,8.7,81.54,2.711,1.591,6.83,0.899,0,0
Magnetic_Materials,Laptop_HDD,1,100,30,25,54,600,1,Citric_Acid,Hydrometallurgical,ICP_OES,1.2,9.88,82.31,0.992,0.589,7.11,0.586,0,1
Power_Electronics,Server_HDD,2,200,120,60,64,400,1,Malic_Acid,Hydrometallurgical,SEM_EDS,1.263,6.28,99.5,3.049,1.873,2.61,0.506,1,0
Power_Electronics,Server_HDD,0.5,200,60,60,44,800,1,Citric_Acid,Hybrid,SEM_EDS,1.346,6.6,98.01,2.001,0.976,2.18,1.144,1,1
Magnetic_Materials,Wind_Turbine_Generator,0.5,150,90,80,61,800,0,None,Hydrometallurgical,SEM_EDS_and_ICP_OES,1.172,7.77,99.5,2.775,1.378,2.39,0.576,1,0
Power_Electronics,Laptop_HDD,1,250,90,60,92,200,1,Citric_Acid,Hybrid,SEM_EDS_and_ICP_OES,1.494,5.16,86.31,2.386,1.268,7.41,1.047,1,0
Magnetic_Materials,EV_Motor,4,50,180,80,48,800,0,None,Hydrometallurgical,SEM_EDS_and_ICP_OES,1.094,21.77,99.5,4.685,2.306,3.51,0.804,1,0
Power_Electronics,Server_HDD,1,150,60,25,56,600,0,None,Hybrid,SEM_EDS,1,5.44,81.64,1.679,1.168,2.28,0.268,0,0
Power_Electronics,Server_HDD,2,200,30,25,39,600,0,None,Pyrometallurgical,SEM_EDS_and_ICP_OES,1.427,6.33,88.65,0.96,0.618,3.85,0.692,1,0
Power_Electronics,EV_Motor,1,200,30,25,53,400,1,Malic_Acid,Hybrid,ICP_OES,0.92,3.89,84.56,0.935,0.42,4.28,0.905,0,1
Magnetic_Materials,EV_Motor,2,100,120,40,57,600,0,None,Hydrometallurgical,SEM_EDS,1.23,10.67,86.72,2.936,1.179,5.27,0.906,1,0
Embedded_Systems_for_Recycling,Wind_Turbine_Generator,1,200,90,60,53,800,0,None,Hybrid,SEM_EDS,1.6,7.96,99.5,2.71,1.119,5.11,0.996,1,0
Magnetic_Materials,Laptop_HDD,1,150,120,60,35,400,0,None,Hybrid,SEM_EDS,1.259,7.65,91.11,3.101,1.467,3.03,0.648,1,0
Renewable_Energy_Systems,Laptop_HDD,2,100,60,25,53,800,1,Malic_Acid,Hydrometallurgical,ICP_OES,1.093,10.29,94.1,1.711,0.743,6.03,0.958,1,1
Magnetic_Materials,EV_Motor,0.5,50,60,80,72,200,1,Malic_Acid,Hydrometallurgical,SEM_EDS,1.252,19.82,79.17,1.933,1.082,3.53,0.772,0,1
Power_Electronics,Server_HDD,0.5,200,30,80,57,200,0,None,Hydrometallurgical,SEM_EDS_and_ICP_OES,1.253,5.51,88.01,1.398,0.919,4.41,0.553,1,0
Renewable_Energy_Systems,Laptop_HDD,1,100,180,40,64,400,1,Citric_Acid,Hybrid,ICP_OES,1.285,11.65,90.67,4.082,2.535,6.07,0.61,1,0
Embedded_Systems_for_Recycling,Laptop_HDD,0.5,100,90,25,46,600,0,None,Hydrometallurgical,SEM_EDS,1.36,9.83,72.28,2.166,1.007,3.59,0.488,0,0
Power_Electronics,Laptop_HDD,0.5,100,180,40,61,600,1,Citric_Acid,Hydrometallurgical,SEM_EDS,1.105,10.6,95.94,4.084,2.123,3.5,1.057,1,0
Power_Electronics,Wind_Turbine_Generator,1,200,60,25,54,200,0,None,Hydrometallurgical,SEM_EDS_and_ICP_OES,1.514,6.26,82.73,1.386,0.766,5.96,0.517,0,0
Power_Electronics,Laptop_HDD,4,150,90,25,36,800,1,Malic_Acid,Hydrometallurgical,SEM_EDS,1.298,8.61,99.5,2.376,1.528,2.89,0.785,1,0
Power_Electronics,Laptop_HDD,2,200,90,60,55,200,0,None,Hybrid,SEM_EDS_and_ICP_OES,1.37,6.75,98.6,2.407,1.569,3.84,0.772,1,0
Power_Electronics,Laptop_HDD,2,100,60,40,35,200,1,Malic_Acid,Hydrometallurgical,SEM_EDS_and_ICP_OES,1.167,9.86,84.45,1.494,1.005,5.87,0.704,0,1
Magnetic_Materials,Laptop_HDD,1,150,120,40,41,200,0,None,Pyrometallurgical,SEM_EDS,1.454,7.98,82.35,2.692,1.488,8.88,1.028,0,0
Renewable_Energy_Systems,Laptop_HDD,4,150,180,80,53,600,0,None,Hybrid,ICP_OES,1.222,8.11,99.5,4.614,2.807,5.82,0.727,1,0
Embedded_Systems_for_Recycling,Server_HDD,1,200,120,60,54,800,0,None,Hydrometallurgical,SEM_EDS,1.303,6.48,99.5,3.193,1.384,5.55,0.942,1,0
Magnetic_Materials,Laptop_HDD,0.5,250,120,80,32,600,0,None,Pyrometallurgical,SEM_EDS_and_ICP_OES,1.121,4.46,99.5,3.375,1.922,5.67,0.718,1,0
Renewable_Energy_Systems,EV_Motor,2,50,60,25,66,600,0,None,Hydrometallurgical,ICP_OES,1.111,17.53,78.88,1.569,0.745,2.66,0.85,0,0
Renewable_Energy_Systems,Laptop_HDD,0.5,150,60,40,59,200,1,Malic_Acid,Pyrometallurgical,ICP_OES,1.364,5.65,62.14,1.631,0.864,5.21,1.305,0,1
Renewable_Energy_Systems,Server_HDD,1,50,180,60,39,400,0,None,Hydrometallurgical,SEM_EDS,1.194,22.81,95.54,4.211,2.485,4.59,0.457,1,0
Magnetic_Materials,Wind_Turbine_Generator,2,150,30,25,27,400,1,Citric_Acid,Hybrid,SEM_EDS_and_ICP_OES,1.133,5.78,76.58,0.957,0.457,5.48,0.943,0,1
Renewable_Energy_Systems,EV_Motor,4,100,120,25,48,400,1,Malic_Acid,Hydrometallurgical,ICP_OES,1.165,11.59,99.5,2.709,1.126,4.84,0.921,1,0
Magnetic_Materials,Server_HDD,2,100,120,60,43,200,1,Malic_Acid,Hydrometallurgical,SEM_EDS,1.366,13.31,97.46,2.963,1.194,5.38,0.669,1,0
Renewable_Energy_Systems,Laptop_HDD,2,100,90,60,52,600,1,Citric_Acid,Pyrometallurgical,SEM_EDS_and_ICP_OES,1.167,10.43,89.39,2.451,0.997,4.08,1.136,1,0
Magnetic_Materials,Laptop_HDD,4,150,180,40,45,400,1,Malic_Acid,Hydrometallurgical,SEM_EDS_and_ICP_OES,1.243,8.25,99.5,3.94,1.586,4.72,0.405,1,0
Renewable_Energy_Systems,EV_Motor,0.5,100,60,40,20,600,0,None,Hybrid,SEM_EDS_and_ICP_OES,1.263,10.92,86.43,1.739,0.753,2.28,0.546,1,0
Renewable_Energy_Systems,Wind_Turbine_Generator,1,200,60,40,44,400,1,Malic_Acid,Hydrometallurgical,SEM_EDS,0.973,4.54,93.38,1.662,0.784,4.03,0.528,1,1
Embedded_Systems_for_Recycling,EV_Motor,1,100,30,25,45,200,0,None,Pyrometallurgical,SEM_EDS_and_ICP_OES,1.04,6.61,63.54,0.744,0.347,7.75,0.857,0,0
Magnetic_Materials,Server_HDD,2,50,60,40,60,600,1,Citric_Acid,Hydrometallurgical,SEM_EDS_and_ICP_OES,1.311,21.32,81.32,1.696,1.18,5.42,0.627,0,1
Power_Electronics,EV_Motor,2,200,60,40,40,200,1,Citric_Acid,Pyrometallurgical,SEM_EDS,1.15,5.11,88.79,1.578,0.776,4.67,0.837,1,1
Embedded_Systems_for_Recycling,Server_HDD,4,100,60,25,75,800,0,None,Hydrometallurgical,SEM_EDS_and_ICP_OES,1.42,13.43,94.55,1.728,0.757,8.45,0.888,1,0
Renewable_Energy_Systems,Laptop_HDD,2,100,120,80,21,600,0,None,Hydrometallurgical,ICP_OES,1.406,13.99,99.5,3.343,1.884,1.88,0.559,1,0
Embedded_Systems_for_Recycling,Server_HDD,2,150,180,60,70,200,0,None,Hydrometallurgical,SEM_EDS_and_ICP_OES,1.369,9.08,99.5,4.189,2.754,2.39,0.978,1,0
Magnetic_Materials,Wind_Turbine_Generator,1,100,60,60,47,800,1,Malic_Acid,Hybrid,SEM_EDS,1.534,15.26,99.5,1.991,1.201,8.03,0.731,1,1
Renewable_Energy_Systems,Laptop_HDD,4,50,60,40,63,400,1,Citric_Acid,Hydrometallurgical,SEM_EDS_and_ICP_OES,1.249,23.45,93.89,1.632,0.798,4.75,0.647,1,1
Power_Electronics,EV_Motor,4,100,180,40,51,200,0,None,Hybrid,ICP_OES,1.358,13.51,99.5,4.032,2.292,4.12,1.365,1,0
Renewable_Energy_Systems,Laptop_HDD,4,250,30,40,67,600,1,Citric_Acid,Hybrid,SEM_EDS_and_ICP_OES,1.173,4.67,99.5,1.153,0.708,2.21,0.788,1,1
Magnetic_Materials,Server_HDD,0.5,150,30,25,44,400,1,Malic_Acid,Hydrometallurgical,ICP_OES,1.6,7.97,74.7,0.906,0.56,5.75,0.326,0,1
Magnetic_Materials,Laptop_HDD,2,150,60,40,34,600,0,None,Pyrometallurgical,SEM_EDS_and_ICP_OES,1.559,8.71,83.85,1.865,1.119,5.85,0.552,0,0
Renewable_Energy_Systems,Server_HDD,0.5,150,90,60,71,600,0,None,Hydrometallurgical,SEM_EDS_and_ICP_OES,1.263,8.28,98.39,2.48,1.64,2.43,0.652,1,0
Power_Electronics,EV_Motor,1,100,60,60,48,800,1,Citric_Acid,Hydrometallurgical,ICP_OES,1.319,12.29,93.2,2.09,1.382,4.39,0.955,1,1
Magnetic_Materials,Laptop_HDD,0.5,100,180,60,53,400,1,Malic_Acid,Hybrid,SEM_EDS_and_ICP_OES,1.465,14.27,97.38,4.333,2.486,3.96,0.879,1,0
Embedded_Systems_for_Recycling,EV_Motor,2,200,60,40,69,400,1,Malic_Acid,Pyrometallurgical,SEM_EDS_and_ICP_OES,1.239,5.09,82.2,1.634,0.864,5.29,0.975,0,1
Magnetic_Materials,EV_Motor,2,50,90,80,35,600,0,None,Pyrometallurgical,ICP_OES,1.163,21.86,94,2.793,1.655,2.42,0.651,1,0
Power_Electronics,Wind_Turbine_Generator,0.5,100,60,25,59,200,0,None,Hydrometallurgical,ICP_OES,1.392,10.18,73.15,1.351,0.872,7.37,0.789,0,0
Renewable_Energy_Systems,Laptop_HDD,1,100,90,40,41,400,0,None,Hydrometallurgical,SEM_EDS_and_ICP_OES,1.273,10.35,81.3,2.216,0.89,6.62,0.681,0,0
Power_Electronics,Laptop_HDD,2,100,90,40,48,400,0,None,Hydrometallurgical,ICP_OES,1.288,11.01,85.48,2.269,1.583,4.02,0.774,1,0
Embedded_Systems_for_Recycling,Laptop_HDD,1,250,120,60,51,200,0,None,Hybrid,SEM_EDS,1.136,4.44,97.76,2.99,1.36,4.19,0.972,1,0
Power_Electronics,Wind_Turbine_Generator,0.5,50,120,80,27,400,1,Citric_Acid,Hydrometallurgical,SEM_EDS,1.003,19.96,99.5,3.306,1.789,4.33,0.752,1,0
Magnetic_Materials,Wind_Turbine_Generator,2,150,90,40,38,800,0,None,Hybrid,ICP_OES,1.296,8.6,99.5,2.528,1.673,3.05,0.84,1,0
Renewable_Energy_Systems,Server_HDD,4,100,180,80,70,800,1,Citric_Acid,Hydrometallurgical,ICP_OES,1.397,13.9,99.5,4.647,2.173,3.72,1,1,0
Magnetic_Materials,EV_Motor,0.5,250,120,80,63,200,0,None,Hydrometallurgical,SEM_EDS,1.227,4.61,93.85,3.21,1.743,4.12,1.042,1,0
Magnetic_Materials,Server_HDD,0.5,50,120,40,49,200,1,Malic_Acid,Hydrometallurgical,SEM_EDS_and_ICP_OES,1.476,23.38,79.2,2.733,1.202,8.03,0.853,0,0
Magnetic_Materials,Server_HDD,1,100,30,40,54,400,0,None,Hydrometallurgical,SEM_EDS_and_ICP_OES,1.155,9.09,78.7,1.095,0.568,6.71,0.892,0,0
Power_Electronics,Laptop_HDD,4,200,30,40,46,800,0,None,Hydrometallurgical,SEM_EDS,1.103,5.49,99.5,1.26,0.571,6.47,1.018,1,0
Power_Electronics,EV_Motor,2,200,60,80,70,200,0,None,Hybrid,SEM_EDS_and_ICP_OES,1.251,6.1,97.52,1.972,1.004,5.36,0.767,1,0
Power_Electronics,Laptop_HDD,2,100,90,40,47,600,1,Citric_Acid,Hybrid,SEM_EDS_and_ICP_OES,1.249,11.62,93.03,2.371,1.214,2.44,0.614,1,0
Embedded_Systems_for_Recycling,EV_Motor,1,100,60,60,53,200,1,Citric_Acid,Hydrometallurgical,SEM_EDS_and_ICP_OES,1.376,10.46,76.02,1.67,1.166,4.76,0.578,0,1
Embedded_Systems_for_Recycling,EV_Motor,2,100,60,40,67,600,0,None,Hydrometallurgical,SEM_EDS,1.145,9.45,82.56,1.694,1.183,6.72,0.922,0,0
Magnetic_Materials,EV_Motor,0.5,100,120,60,38,400,0,None,Hydrometallurgical,SEM_EDS,1.466,12.74,86.88,3.055,1.327,2.21,0.369,1,0
Magnetic_Materials,Laptop_HDD,2,100,120,40,73,600,1,Malic_Acid,Hybrid,SEM_EDS_and_ICP_OES,1.556,14.32,92.04,2.866,1.771,5.95,1.007,1,0
Magnetic_Materials,Laptop_HDD,4,150,180,60,27,400,0,None,Hydrometallurgical,SEM_EDS_and_ICP_OES,1.255,8.32,99.5,4.292,1.783,9.25,0.663,1,0
Power_Electronics,Laptop_HDD,2,100,60,80,74,600,0,None,Hybrid,SEM_EDS_and_ICP_OES,1.448,14.15,97.69,2.194,0.897,6.75,1.147,1,0
Embedded_Systems_for_Recycling,Laptop_HDD,4,100,90,80,44,400,1,Malic_Acid,Hydrometallurgical,SEM_EDS_and_ICP_OES,1.103,10.97,99.5,2.666,1.151,7.43,0.636,1,0
Renewable_Energy_Systems,Laptop_HDD,2,150,60,80,46,600,1,Citric_Acid,Hydrometallurgical,SEM_EDS,1.422,9.43,99.5,2.094,1.444,5.04,0.739,1,1
Renewable_Energy_Systems,Wind_Turbine_Generator,0.5,250,60,25,22,800,0,None,Hybrid,SEM_EDS_and_ICP_OES,1.418,4.96,87.44,1.769,1.207,6.66,0.884,1,0
Magnetic_Materials,Server_HDD,4,150,60,60,43,200,0,None,Hydrometallurgical,SEM_EDS,1.391,9.23,99.5,1.852,0.849,3.17,1.042,1,0
Power_Electronics,Laptop_HDD,0.5,50,60,25,34,800,1,Citric_Acid,Pyrometallurgical,SEM_EDS,1.259,20.12,79.9,1.707,0.766,6.39,0.584,0,1
Power_Electronics,Laptop_HDD,2,50,60,40,41,600,0,None,Hydrometallurgical,SEM_EDS_and_ICP_OES,0.818,15.27,93.35,1.776,0.839,5.98,0.791,1,0
Magnetic_Materials,Server_HDD,0.5,250,120,60,48,200,0,None,Hydrometallurgical,SEM_EDS,1.165,4.28,91.78,2.96,1.642,5.26,0.849,1,0
Power_Electronics,Server_HDD,0.5,100,30,40,64,400,1,Citric_Acid,Hydrometallurgical,ICP_OES,1.167,9.9,84.79,1.077,0.615,7.38,0.945,0,1
Magnetic_Materials,Server_HDD,2,50,120,60,53,200,1,Malic_Acid,Pyrometallurgical,SEM_EDS_and_ICP_OES,1.114,20.15,90.44,2.944,1.373,3.62,0.762,1,0
Power_Electronics,Wind_Turbine_Generator,1,150,90,80,55,600,0,None,Hybrid,SEM_EDS,1.279,8.08,94.76,2.748,1.723,4.28,1.081,1,0
Renewable_Energy_Systems,Server_HDD,2,150,60,25,34,600,1,Citric_Acid,Hydrometallurgical,SEM_EDS_and_ICP_OES,1.198,7.95,99.5,1.645,0.811,4.8,0.342,1,1
Renewable_Energy_Systems,Wind_Turbine_Generator,2,150,90,60,37,200,1,Citric_Acid,Hybrid,SEM_EDS_and_ICP_OES,1.137,7.26,95.73,2.467,1.669,2.58,0.651,1,0
Renewable_Energy_Systems,Wind_Turbine_Generator,0.5,100,60,40,77,400,0,None,Hydrometallurgical,SEM_EDS_and_ICP_OES,1.102,7.77,70.52,1.58,0.943,5.35,1.025,0,0
Magnetic_Materials,Laptop_HDD,0.5,50,90,25,39,600,1,Malic_Acid,Hydrometallurgical,SEM_EDS,1.154,20.58,89.16,2.195,1.165,1.27,0.836,1,0
Renewable_Energy_Systems,Wind_Turbine_Generator,2,250,60,40,75,800,0,None,Hydrometallurgical,ICP_OES,1.429,5.69,99.5,1.791,1.141,6.7,1.196,1,0
Magnetic_Materials,Laptop_HDD,1,100,60,80,46,400,0,None,Hydrometallurgical,ICP_OES,1.162,10.71,92.13,2.13,1.375,4.77,1.02,1,0
Renewable_Energy_Systems,EV_Motor,2,150,30,80,50,800,1,Citric_Acid,Hydrometallurgical,ICP_OES,1.184,7.85,99.5,1.621,0.79,3.56,0.743,1,1
Magnetic_Materials,Laptop_HDD,2,200,90,80,66,400,0,None,Hybrid,ICP_OES,1.192,5.93,99.5,2.578,1.294,2.94,1.14,1,0
Embedded_Systems_for_Recycling,Wind_Turbine_Generator,4,150,180,80,69,400,0,None,Hydrometallurgical,SEM_EDS_and_ICP_OES,1.312,8.7,99.5,4.482,3.051,4.14,0.752,1,0
Magnetic_Materials,Wind_Turbine_Generator,2,100,60,40,48,600,0,None,Hydrometallurgical,SEM_EDS,1.329,12.69,95.49,1.837,0.826,6.02,0.976,1,0
Power_Electronics,EV_Motor,2,100,120,40,44,400,0,None,Hydrometallurgical,SEM_EDS_and_ICP_OES,0.804,7.49,93.15,2.883,1.19,5.76,1.132,1,0
Power_Electronics,EV_Motor,2,150,90,60,49,400,1,Citric_Acid,Hybrid,SEM_EDS,1.414,9.18,97.41,2.46,1.319,3.21,1.038,1,0
Renewable_Energy_Systems,Laptop_HDD,1,200,180,40,55,400,1,Malic_Acid,Hybrid,SEM_EDS_and_ICP_OES,1.476,7.34,99.5,4.07,2.606,2.91,0.846,1,0
Magnetic_Materials,Laptop_HDD,1,250,120,40,63,600,1,Citric_Acid,Hydrometallurgical,SEM_EDS_and_ICP_OES,1.103,4.25,96.34,3.021,1.908,5.95,0.799,1,0
Power_Electronics,Server_HDD,4,50,90,40,50,600,0,None,Hydrometallurgical,ICP_OES,1.115,22.19,99.5,2.306,1.559,3.16,0.494,1,0
Renewable_Energy_Systems,Laptop_HDD,2,100,90,60,59,400,0,None,Hydrometallurgical,SEM_EDS,1.193,10.85,90.96,2.444,1.369,4.81,0.907,1,0
Magnetic_Materials,EV_Motor,4,250,120,60,75,400,0,None,Hydrometallurgical,SEM_EDS_and_ICP_OES,1.148,4.57,99.5,3.027,1.302,4.85,0.702,1,0
Renewable_Energy_Systems,Laptop_HDD,4,200,60,40,56,400,0,None,Hydrometallurgical,SEM_EDS_and_ICP_OES,1.295,6.39,98.73,1.592,0.918,5.24,0.671,1,0
Magnetic_Materials,Wind_Turbine_Generator,4,200,60,40,55,600,0,None,Hydrometallurgical,SEM_EDS_and_ICP_OES,0.969,4.82,99.5,1.734,1.099,6.32,0.587,1,0
Power_Electronics,Server_HDD,4,100,30,60,27,400,1,Malic_Acid,Hydrometallurgical,ICP_OES,1.093,10.88,99.5,1.305,0.559,2.08,0.593,1,1
Power_Electronics,EV_Motor,2,150,120,60,11,600,1,Malic_Acid,Hydrometallurgical,ICP_OES,1.492,9.9,99.5,3.178,1.436,1,0.599,1,0
Magnetic_Materials,Laptop_HDD,1,200,120,40,56,400,1,Citric_Acid,Hydrometallurgical,SEM_EDS_and_ICP_OES,1.122,4.96,88.44,2.882,1.163,3.58,0.885,1,0
Renewable_Energy_Systems,Wind_Turbine_Generator,2,150,30,60,49,400,0,None,Hybrid,SEM_EDS_and_ICP_OES,1.448,8.24,85.4,1.257,0.727,8.35,0.675,1,0
Magnetic_Materials,Wind_Turbine_Generator,1,100,90,25,42,200,1,Malic_Acid,Hybrid,ICP_OES,1.314,11.33,86.2,2.026,1.349,8.78,0.974,1,1
Renewable_Energy_Systems,Server_HDD,2,50,90,40,54,400,0,None,Pyrometallurgical,SEM_EDS_and_ICP_OES,0.99,16.49,83.29,2.21,1.329,8.43,0.778,0,0
Power_Electronics,Server_HDD,2,150,30,60,49,800,0,None,Hydrometallurgical,ICP_OES,1.356,7.88,87.17,1.435,0.997,4.34,0.637,1,0
Magnetic_Materials,EV_Motor,2,100,180,60,67,400,1,Malic_Acid,Hydrometallurgical,ICP_OES,1.243,12.3,98.97,4.26,1.785,1.05,0.93,1,0
Magnetic_Materials,Laptop_HDD,1,150,60,40,51,200,1,Citric_Acid,Hydrometallurgical,SEM_EDS,1.193,5.75,72.24,1.564,1.049,1,1.198,0,1
Magnetic_Materials,Server_HDD,1,250,30,60,39,400,0,None,Hybrid,ICP_OES,1.298,4.43,85.35,1.266,0.816,3.52,0.812,1,0
Renewable_Energy_Systems,Laptop_HDD,2,100,90,60,65,400,0,None,Hydrometallurgical,SEM_EDS_and_ICP_OES,1.332,10.14,76.11,2.443,1.208,4.44,0.802,0,0
Magnetic_Materials,Laptop_HDD,0.5,200,120,60,47,200,0,None,Hybrid,SEM_EDS,1.367,5.93,86.82,2.931,2.028,7.33,0.48,1,0
Renewable_Energy_Systems,Laptop_HDD,4,100,30,60,58,400,1,Citric_Acid,Hybrid,ICP_OES,1.438,13.37,92.99,1.408,0.685,6.41,0.796,1,1
Power_Electronics,Laptop_HDD,1,150,90,60,43,400,0,None,Hydrometallurgical,SEM_EDS_and_ICP_OES,1.322,8.09,91.8,2.495,1.664,5.14,0.812,1,0
Embedded_Systems_for_Recycling,Laptop_HDD,1,250,90,40,40,600,1,Citric_Acid,Pyrometallurgical,SEM_EDS_and_ICP_OES,1.055,3.53,83.67,2.371,1.575,2.98,0.672,0,0
Power_Electronics,Laptop_HDD,0.5,50,30,25,51,400,0,None,Hydrometallurgical,SEM_EDS_and_ICP_OES,1.19,16.26,68.31,0.888,0.557,3,0.472,0,0
Embedded_Systems_for_Recycling,Wind_Turbine_Generator,2,50,60,40,50,400,0,None,Hydrometallurgical,SEM_EDS_and_ICP_OES,1.6,25.7,80.33,1.627,0.926,5.31,0.63,0,0
Renewable_Energy_Systems,Server_HDD,2,100,90,40,57,800,0,None,Hydrometallurgical,SEM_EDS,1.37,13.63,99.5,2.443,1.065,6,1.126,1,0
Power_Electronics,Wind_Turbine_Generator,1,50,60,60,46,400,0,None,Hydrometallurgical,SEM_EDS_and_ICP_OES,1.6,29.07,90.86,1.865,1.044,5.48,1.067,1,0
Magnetic_Materials,Server_HDD,0.5,200,180,60,22,400,0,None,Hybrid,SEM_EDS_and_ICP_OES,1.47,7.31,99.5,4.156,2.107,2.54,0.483,1,0
Embedded_Systems_for_Recycling,Laptop_HDD,2,250,120,40,44,400,1,Malic_Acid,Hydrometallurgical,SEM_EDS_and_ICP_OES,1.297,5.14,99.17,2.772,1.768,5.91,0.905,1,0
Magnetic_Materials,Server_HDD,1,100,180,25,62,400,1,Malic_Acid,Hydrometallurgical,ICP_OES,1.306,12.63,96.73,3.868,2.427,5.48,0.624,1,0
Magnetic_Materials,Server_HDD,2,100,60,40,46,600,1,Citric_Acid,Pyrometallurgical,SEM_EDS,1.256,9.86,78.53,1.76,1.185,2.67,1.061,0,1
Magnetic_Materials,Laptop_HDD,2,100,180,40,46,400,1,Malic_Acid,Pyrometallurgical,SEM_EDS_and_ICP_OES,1,8.49,84.88,4.038,1.633,3.18,0.829,0,0
Magnetic_Materials,Server_HDD,1,200,60,60,65,600,1,Citric_Acid,Hydrometallurgical,ICP_OES,1.264,6.07,95.98,2.024,1.301,6.02,1.065,1,1
Magnetic_Materials,Laptop_HDD,1,50,60,25,39,200,1,Citric_Acid,Hybrid,SEM_EDS_and_ICP_OES,1.443,23.74,82.27,1.326,0.904,4.31,0.402,0,1
Power_Electronics,Server_HDD,4,150,30,60,27,400,1,Malic_Acid,Pyrometallurgical,SEM_EDS_and_ICP_OES,1.171,7.75,99.29,1.212,0.772,7.79,0.821,1,1
Renewable_Energy_Systems,EV_Motor,2,150,30,80,48,600,0,None,Hydrometallurgical,SEM_EDS_and_ICP_OES,1.323,8.78,99.5,1.626,0.714,5.61,0.788,1,0
Power_Electronics,Laptop_HDD,2,150,90,40,43,400,0,None,Hydrometallurgical,SEM_EDS_and_ICP_OES,1.389,7.71,83.29,2.257,0.958,3.79,0.935,0,0
Embedded_Systems_for_Recycling,Laptop_HDD,0.5,100,90,40,36,600,0,None,Hydrometallurgical,SEM_EDS_and_ICP_OES,1.125,10.12,89.93,2.394,0.973,4.68,0.913,1,0
Embedded_Systems_for_Recycling,EV_Motor,2,200,60,25,47,400,0,None,Hybrid,ICP_OES,1.193,5.28,88.47,1.603,0.944,4.84,0.798,1,0
Power_Electronics,Server_HDD,0.5,50,90,60,57,600,0,None,Pyrometallurgical,SEM_EDS_and_ICP_OES,1.108,18.74,84.55,2.515,1.481,3.3,0.715,0,0
Magnetic_Materials,Laptop_HDD,2,100,60,60,50,200,1,Malic_Acid,Hybrid,SEM_EDS_and_ICP_OES,1.138,9.64,84.75,1.745,1.215,2.93,0.956,0,1
Embedded_Systems_for_Recycling,Wind_Turbine_Generator,4,200,90,40,55,800,0,None,Hydrometallurgical,ICP_OES,1.068,5.31,99.5,2.436,1.265,6.01,0.813,1,0
Power_Electronics,Laptop_HDD,1,200,60,60,77,200,0,None,Hydrometallurgical,ICP_OES,1.126,4.38,77.73,1.652,0.825,6.51,0.76,0,0
Magnetic_Materials,EV_Motor,0.5,50,120,80,45,800,0,None,Hydrometallurgical,SEM_EDS,1.474,29.33,99.5,3.434,2.017,5.81,0.591,1,0
Embedded_Systems_for_Recycling,Wind_Turbine_Generator,0.5,100,120,40,54,400,0,None,Hydrometallurgical,SEM_EDS_and_ICP_OES,1.124,8.59,76.4,2.894,1.874,7.87,0.525,0,0
Power_Electronics,Laptop_HDD,1,100,90,25,42,600,0,None,Pyrometallurgical,SEM_EDS,1.28,9.05,70.71,2.227,1.517,3.81,0.658,0,0
Magnetic_Materials,Laptop_HDD,1,100,60,80,37,400,0,None,Hybrid,SEM_EDS_and_ICP_OES,1.186,10.57,89.08,2.081,1.334,8.06,0.956,1,0
Renewable_Energy_Systems,Laptop_HDD,0.5,100,60,60,41,800,0,None,Hydrometallurgical,ICP_OES,1.438,12.92,89.85,2.031,1.072,2.9,0.791,1,0
Embedded_Systems_for_Recycling,Laptop_HDD,4,50,120,80,43,200,0,None,Hydrometallurgical,ICP_OES,1.458,29.01,99.5,3.117,1.841,2.58,0.659,1,0
Embedded_Systems_for_Recycling,Laptop_HDD,2,150,60,60,55,200,1,Malic_Acid,Hydrometallurgical,SEM_EDS_and_ICP_OES,1.391,8.74,94.23,1.813,1.191,1.14,0.986,1,1
Embedded_Systems_for_Recycling,EV_Motor,1,200,60,80,85,400,1,Malic_Acid,Hydrometallurgical,SEM_EDS,1.307,6.33,96.8,2.025,1.108,3.74,0.809,1,1
Renewable_Energy_Systems,Laptop_HDD,4,150,30,40,39,200,0,None,Hydrometallurgical,SEM_EDS_and_ICP_OES,1.226,7.41,90.66,0.965,0.449,3.69,0.764,1,0
Embedded_Systems_for_Recycling,Server_HDD,0.5,150,90,60,44,200,0,None,Hydrometallurgical,SEM_EDS_and_ICP_OES,1.082,6.19,85.82,2.358,1.063,5.79,0.734,1,0
Magnetic_Materials,Wind_Turbine_Generator,4,50,90,80,49,800,0,None,Hydrometallurgical,SEM_EDS_and_ICP_OES,1.553,30.9,99.5,2.923,1.169,5.09,0.951,1,0
Renewable_Energy_Systems,EV_Motor,1,250,120,60,56,800,1,Malic_Acid,Hydrometallurgical,SEM_EDS,1.147,4.57,99.5,3.299,2.03,2.22,0.515,1,0
Magnetic_Materials,Server_HDD,4,200,60,40,54,400,0,None,Hydrometallurgical,SEM_EDS_and_ICP_OES,1.361,6.77,99.5,1.585,0.687,3.82,0.65,1,0
Power_Electronics,Laptop_HDD,2,200,60,40,69,800,0,None,Hydrometallurgical,SEM_EDS_and_ICP_OES,1.42,6.28,88.48,1.791,0.847,3.97,0.567,1,0
Magnetic_Materials,Server_HDD,4,200,120,40,14,400,1,Malic_Acid,Pyrometallurgical,SEM_EDS_and_ICP_OES,1.178,5.86,99.5,2.879,1.409,1.05,0.568,1,0
Power_Electronics,Server_HDD,4,250,120,40,14,400,0,None,Hydrometallurgical,ICP_OES,1.417,5.64,99.5,2.847,1.617,2.64,0.862,1,0
Power_Electronics,Server_HDD,1,150,60,40,43,600,0,None,Hybrid,SEM_EDS_and_ICP_OES,1.376,7.85,85.55,1.727,0.897,3.2,0.664,1,0
Power_Electronics,Laptop_HDD,4,100,90,60,66,600,0,None,Hydrometallurgical,SEM_EDS_and_ICP_OES,1.52,15.12,99.5,2.601,1.567,7.47,0.778,1,0
Magnetic_Materials,Wind_Turbine_Generator,1,150,60,60,27,800,1,Malic_Acid,Hydrometallurgical,SEM_EDS_and_ICP_OES,1.191,7.9,99.5,2.059,0.858,4.99,0.859,1,1
Renewable_Energy_Systems,Server_HDD,1,200,180,40,10,400,1,Malic_Acid,Hydrometallurgical,ICP_OES,1.068,5.31,99.5,4.053,1.772,5.93,0.814,1,0
Magnetic_Materials,Laptop_HDD,1,200,30,60,59,600,1,Citric_Acid,Hydrometallurgical,ICP_OES,1.185,5.5,92.79,1.389,0.764,1.67,0.827,1,1
Power_Electronics,Laptop_HDD,2,150,180,25,54,200,0,None,Hybrid,ICP_OES,1.292,7.82,90.84,3.781,1.895,7.08,0.957,1,0
Renewable_Energy_Systems,Server_HDD,1,50,90,25,34,200,0,None,Hydrometallurgical,ICP_OES,1.27,19.37,76.27,2.078,1.016,7.44,0.505,0,0
Magnetic_Materials,EV_Motor,2,100,90,40,35,200,1,Citric_Acid,Hybrid,ICP_OES,1.202,9.94,82.71,2.111,0.887,1,1.001,0,1
Magnetic_Materials,EV_Motor,2,250,30,60,35,800,1,Citric_Acid,Hybrid,ICP_OES,0.975,3.88,99.5,1.483,0.992,3.19,1.155,1,1
Renewable_Energy_Systems,EV_Motor,4,150,90,40,52,600,0,None,Hydrometallurgical,SEM_EDS_and_ICP_OES,1.332,8.28,93.24,2.422,1.471,5.66,0.914,1,0
Magnetic_Materials,Laptop_HDD,4,150,60,40,41,600,1,Malic_Acid,Hydrometallurgical,SEM_EDS,1.557,10.33,99.5,1.681,0.734,5.89,0.338,1,1
Embedded_Systems_for_Recycling,Server_HDD,2,100,60,40,57,400,0,None,Pyrometallurgical,SEM_EDS_and_ICP_OES,1.331,10.35,77.79,1.633,0.685,3.47,0.723,0,0
Magnetic_Materials,Server_HDD,1,100,90,80,10,400,0,None,Hydrometallurgical,SEM_EDS,1.352,13.45,99.5,2.707,1.874,3.99,0.723,1,0
Power_Electronics,Laptop_HDD,1,200,180,25,37,200,1,Citric_Acid,Pyrometallurgical,ICP_OES,1.347,5.8,86.1,3.858,2.332,3.54,0.651,1,0
Power_Electronics,Laptop_HDD,1,150,90,60,33,400,0,None,Hydrometallurgical,SEM_EDS,1.321,8.73,99.17,2.441,1.282,4.83,0.969,1,0
Embedded_Systems_for_Recycling,EV_Motor,0.5,200,120,60,46,400,1,Citric_Acid,Hydrometallurgical,ICP_OES,1.401,6.52,93.11,3.013,1.839,7.06,0.898,1,0
Power_Electronics,Laptop_HDD,1,150,30,60,42,600,0,None,Hydrometallurgical,SEM_EDS_and_ICP_OES,1.32,8.49,96.49,1.398,0.876,3.09,0.619,1,0
Embedded_Systems_for_Recycling,Server_HDD,1,150,60,80,62,400,0,None,Hydrometallurgical,SEM_EDS_and_ICP_OES,1.214,7.33,90.56,2.109,1.337,6.7,0.866,1,0
Magnetic_Materials,Laptop_HDD,4,100,30,25,22,200,1,Citric_Acid,Hybrid,SEM_EDS,1.142,10.47,91.69,0.742,0.403,3.12,0.481,1,1
Embedded_Systems_for_Recycling,Laptop_HDD,2,200,90,40,51,200,1,Citric_Acid,Hydrometallurgical,ICP_OES,1.224,5.14,83.91,2.09,1.106,3.07,0.768,0,1
Magnetic_Materials,Laptop_HDD,1,100,180,80,58,200,0,None,Hybrid,ICP_OES,1.308,12.54,95.88,4.361,1.759,6.28,0.729,1,0
Embedded_Systems_for_Recycling,Wind_Turbine_Generator,2,100,90,40,78,400,0,None,Hydrometallurgical,SEM_EDS_and_ICP_OES,1.214,9.05,74.58,2.281,1.546,6.7,1.175,0,0
Renewable_Energy_Systems,EV_Motor,0.5,150,30,60,43,800,1,Malic_Acid,Hydrometallurgical,SEM_EDS_and_ICP_OES,1.308,8.18,93.86,1.435,0.834,6.36,1.188,1,1
Magnetic_Materials,Wind_Turbine_Generator,2,250,60,60,55,600,0,None,Hydrometallurgical,SEM_EDS_and_ICP_OES,1.327,5.28,99.5,1.984,0.915,1.97,0.539,1,0
Renewable_Energy_Systems,Server_HDD,2,50,90,60,23,600,1,Citric_Acid,Hydrometallurgical,SEM_EDS_and_ICP_OES,1.386,27.14,97.9,2.514,1.699,3.69,0.28,1,0
Renewable_Energy_Systems,Laptop_HDD,2,200,60,80,14,400,1,Malic_Acid,Hydrometallurgical,SEM_EDS_and_ICP_OES,1.453,7.23,99.5,1.944,1.311,6.25,0.571,1,1
Magnetic_Materials,Server_HDD,2,100,120,80,63,400,0,None,Hydrometallurgical,SEM_EDS,1.273,12.67,99.5,3.229,2.25,4.69,0.561,1,0
Embedded_Systems_for_Recycling,Server_HDD,4,100,120,60,50,200,0,None,Hybrid,ICP_OES,1.065,10.56,99.18,2.953,1.956,2.46,0.809,1,0
Embedded_Systems_for_Recycling,EV_Motor,4,50,90,40,68,800,0,None,Hydrometallurgical,SEM_EDS_and_ICP_OES,1.209,23.83,98.55,2.436,1.704,5.53,1.04,1,0
Magnetic_Materials,Laptop_HDD,2,100,60,80,29,600,1,Malic_Acid,Hydrometallurgical,SEM_EDS_and_ICP_OES,1.268,12.62,99.5,2.092,0.99,3.18,0.994,1,1
Renewable_Energy_Systems,Server_HDD,2,150,60,25,58,200,0,None,Hybrid,SEM_EDS_and_ICP_OES,0.986,5.87,89.28,1.309,0.854,8.3,0.88,1,0
Renewable_Energy_Systems,Laptop_HDD,2,50,30,40,78,400,0,None,Hybrid,SEM_EDS_and_ICP_OES,1.469,23.79,80.97,1.024,0.662,7.88,0.901,0,0
Magnetic_Materials,Laptop_HDD,1,150,60,80,56,400,0,None,Hydrometallurgical,ICP_OES,1.282,8.5,99.5,2.095,0.983,5.81,0.434,1,0
Power_Electronics,EV_Motor,1,250,60,40,54,600,1,Citric_Acid,Hydrometallurgical,SEM_EDS_and_ICP_OES,1.318,5.07,96.18,1.813,0.779,7.36,0.825,1,1
Power_Electronics,Server_HDD,0.5,50,90,40,50,800,0,None,Hybrid,SEM_EDS_and_ICP_OES,1.466,24.67,84.13,2.509,1.741,4.89,0.814,0,0
Renewable_Energy_Systems,Laptop_HDD,2,200,90,25,26,600,0,None,Pyrometallurgical,ICP_OES,1.166,4.44,76.22,2.159,1.055,6.37,0.808,0,0
Renewable_Energy_Systems,Laptop_HDD,2,100,30,80,70,400,1,Malic_Acid,Hydrometallurgical,SEM_EDS_and_ICP_OES,1.347,12.41,92.11,1.392,0.92,7.63,0.758,1,1
Renewable_Energy_Systems,Server_HDD,1,150,60,60,41,200,1,Malic_Acid,Hydrometallurgical,SEM_EDS_and_ICP_OES,1.245,7.13,85.9,1.775,0.712,5.23,0.668,1,1
Power_Electronics,EV_Motor,4,100,60,60,58,200,1,Malic_Acid,Hybrid,SEM_EDS,1.233,10.82,87.73,1.782,0.724,4.21,0.544,1,1
Power_Electronics,Wind_Turbine_Generator,4,100,60,40,27,200,0,None,Hydrometallurgical,ICP_OES,1.145,10.01,87.41,1.57,0.847,1.32,0.227,1,0
Power_Electronics,Wind_Turbine_Generator,2,100,120,60,32,200,0,None,Hybrid,ICP_OES,1.511,12.33,81.6,2.849,1.344,4.62,0.488,0,0
Embedded_Systems_for_Recycling,EV_Motor,2,50,30,60,72,600,1,Citric_Acid,Hydrometallurgical,SEM_EDS_and_ICP_OES,1.205,21.84,90.61,1.307,0.793,6.34,0.596,1,1
Renewable_Energy_Systems,Laptop_HDD,4,100,60,40,45,600,0,None,Hybrid,SEM_EDS,1.366,13.59,99.5,1.749,0.996,6.5,0.842,1,0
Renewable_Energy_Systems,EV_Motor,0.5,150,60,40,72,200,1,Citric_Acid,Hydrometallurgical,SEM_EDS_and_ICP_OES,0.98,5.37,82.23,1.574,0.666,5.79,0.806,0,1
Magnetic_Materials,Server_HDD,4,200,120,40,49,600,1,Citric_Acid,Hydrometallurgical,SEM_EDS_and_ICP_OES,1.438,7.15,99.5,2.988,1.341,3.52,0.687,1,0
Power_Electronics,Laptop_HDD,0.5,200,90,80,22,200,0,None,Hybrid,ICP_OES,1.419,6.3,88.78,2.557,1.32,1,0.463,1,0
Embedded_Systems_for_Recycling,EV_Motor,4,150,60,60,63,400,1,Citric_Acid,Hydrometallurgical,SEM_EDS_and_ICP_OES,1.276,8.12,95.44,1.867,0.851,3.66,0.218,1,1
Magnetic_Materials,Laptop_HDD,1,50,90,80,41,400,1,Malic_Acid,Hydrometallurgical,SEM_EDS_and_ICP_OES,1.227,21.33,86.92,2.654,1.692,4.12,1.057,1,0
Power_Electronics,Wind_Turbine_Generator,4,100,120,40,60,400,0,None,Hydrometallurgical,SEM_EDS,1.321,12.2,92.36,2.884,1.514,4.05,0.65,1,0
Renewable_Energy_Systems,Server_HDD,4,100,180,60,50,400,0,None,Hydrometallurgical,SEM_EDS,1.6,15.92,99.5,4.266,1.826,5.84,0.718,1,0
Embedded_Systems_for_Recycling,Server_HDD,0.5,100,60,60,27,400,0,None,Hydrometallurgical,SEM_EDS_and_ICP_OES,0.997,8.46,84.9,1.853,1.01,8.72,0.394,0,0
Embedded_Systems_for_Recycling,EV_Motor,2,150,120,60,52,400,0,None,Pyrometallurgical,SEM_EDS_and_ICP_OES,1.378,7.99,86.93,3.037,1.298,4.98,1.004,1,0
Renewable_Energy_Systems,Wind_Turbine_Generator,4,150,180,80,83,800,0,None,Hydrometallurgical,SEM_EDS,1.124,7.46,99.5,4.654,2.042,4.17,0.994,1,0
Magnetic_Materials,Server_HDD,2,100,180,40,57,200,1,Malic_Acid,Hydrometallurgical,SEM_EDS,1.258,11.53,91.64,3.974,1.875,4.17,0.67,1,0
Power_Electronics,Server_HDD,4,100,90,25,49,200,1,Citric_Acid,Hydrometallurgical,SEM_EDS,1.224,11.26,91.95,2.013,1.324,4.93,0.717,1,1
Embedded_Systems_for_Recycling,Laptop_HDD,2,200,90,60,66,200,0,None,Pyrometallurgical,SEM_EDS_and_ICP_OES,1.197,5.53,92.4,2.369,1.605,3.02,1.216,1,0
Power_Electronics,Server_HDD,1,200,60,60,53,600,0,None,Hybrid,SEM_EDS,1.259,5.46,86.7,2.017,1.307,4.97,0.8,1,0
Embedded_Systems_for_Recycling,Laptop_HDD,1,100,120,60,53,200,1,Citric_Acid,Hydrometallurgical,SEM_EDS_and_ICP_OES,1.091,9.98,91.49,2.963,1.482,5.59,0.779,1,0
Magnetic_Materials,EV_Motor,1,250,90,40,34,600,0,None,Hydrometallurgical,SEM_EDS_and_ICP_OES,1.415,5.4,95.33,2.318,1.117,5.07,0.532,1,0
Magnetic_Materials,Server_HDD,4,250,90,60,54,400,1,Malic_Acid,Hybrid,SEM_EDS,0.992,3.95,99.5,2.494,1.408,5.52,0.441,1,0
Magnetic_Materials,EV_Motor,1,100,60,40,66,400,0,None,Hydrometallurgical,SEM_EDS_and_ICP_OES,1.342,11.1,82.73,1.582,0.975,5.64,0.848,0,0
Power_Electronics,Laptop_HDD,2,100,120,40,37,600,0,None,Hybrid,ICP_OES,1.212,11.8,97.4,2.896,2.021,1.08,0.8,1,0
Power_Electronics,Laptop_HDD,2,150,120,60,71,200,0,None,Hybrid,SEM_EDS_and_ICP_OES,1.085,6.17,85.37,2.967,1.304,6.02,1.125,1,0
Power_Electronics,EV_Motor,2,250,30,60,49,200,1,Malic_Acid,Hybrid,ICP_OES,1.291,4.76,92.19,1.176,0.488,3.34,0.345,1,1
Power_Electronics,Laptop_HDD,4,200,120,40,37,400,0,None,Hydrometallurgical,SEM_EDS_and_ICP_OES,1.027,5.11,99.5,2.788,1.696,2.41,0.51,1,0
Magnetic_Materials,Laptop_HDD,4,50,90,40,65,600,1,Citric_Acid,Hybrid,SEM_EDS_and_ICP_OES,1.267,24.56,96.93,2.331,1.514,2.42,0.759,1,0
Renewable_Energy_Systems,Laptop_HDD,2,100,120,40,46,400,0,None,Hybrid,SEM_EDS,1.048,9.54,91.03,2.82,1.844,5.56,0.779,1,0
Power_Electronics,Wind_Turbine_Generator,4,150,60,40,61,200,0,None,Pyrometallurgical,SEM_EDS,1.33,7.78,87.71,1.526,0.921,4.28,0.826,1,0
Embedded_Systems_for_Recycling,EV_Motor,4,150,60,60,46,800,0,None,Hydrometallurgical,ICP_OES,1.122,7.44,99.5,2.097,1.439,1.24,0.756,1,0
Embedded_Systems_for_Recycling,Laptop_HDD,2,100,180,80,49,200,1,Malic_Acid,Hydrometallurgical,ICP_OES,1.193,11.69,97.95,4.385,2.426,5.58,0.877,1,0
Embedded_Systems_for_Recycling,Laptop_HDD,4,200,60,40,57,600,1,Citric_Acid,Hydrometallurgical,SEM_EDS_and_ICP_OES,1.305,6.49,99.5,1.749,1.179,1.73,0.654,1,1
Embedded_Systems_for_Recycling,Laptop_HDD,1,150,120,60,54,600,0,None,Hydrometallurgical,SEM_EDS_and_ICP_OES,1.145,7.04,92.26,3.123,2.156,4.96,1.007,1,0
Power_Electronics,EV_Motor,0.5,200,90,80,20,400,0,None,Pyrometallurgical,ICP_OES,1.252,6.06,96.82,2.583,1.69,5.11,0.737,1,0
Renewable_Energy_Systems,EV_Motor,4,200,90,80,33,200,0,None,Hydrometallurgical,SEM_EDS_and_ICP_OES,1.034,5.14,99.5,2.621,1.292,6.38,0.651,1,0
Magnetic_Materials,Laptop_HDD,2,200,60,40,64,200,0,None,Hydrometallurgical,SEM_EDS_and_ICP_OES,1.356,5.85,86.23,1.58,0.725,8.3,1.19,1,0
Magnetic_Materials,Laptop_HDD,4,100,90,80,48,600,0,None,Hydrometallurgical,SEM_EDS_and_ICP_OES,1.526,15.18,99.5,2.715,1.532,1.88,1.101,1,0
Power_Electronics,Laptop_HDD,4,150,60,40,42,600,1,Citric_Acid,Pyrometallurgical,ICP_OES,1.6,10.19,95.53,1.786,0.957,4.54,0.947,1,1
Magnetic_Materials,EV_Motor,0.5,100,30,40,30,600,1,Citric_Acid,Hybrid,ICP_OES,1.275,9.53,74.77,1.146,0.76,4.3,0.2,0,1
Power_Electronics,EV_Motor,4,150,60,25,34,800,0,None,Hydrometallurgical,ICP_OES,1.379,9.15,99.5,1.686,0.725,5.47,1.036,1,0
Power_Electronics,Laptop_HDD,2,100,30,40,20,600,0,None,Hydrometallurgical,SEM_EDS_and_ICP_OES,0.994,9.44,94.92,1.172,0.559,5.08,0.809,1,0
Magnetic_Materials,Laptop_HDD,2,150,180,25,48,200,1,Citric_Acid,Hydrometallurgical,ICP_OES,1.486,9.07,91.57,3.763,2.354,3.98,1.191,1,0
Magnetic_Materials,Laptop_HDD,2,100,180,40,41,400,1,Citric_Acid,Pyrometallurgical,ICP_OES,1.377,13.16,95.54,4.033,1.728,3.76,1.002,1,0
Magnetic_Materials,Wind_Turbine_Generator,4,50,60,40,36,600,0,None,Hybrid,SEM_EDS,1.188,23.64,99.5,1.756,0.871,2.37,1.046,1,0
Power_Electronics,Laptop_HDD,0.5,100,120,80,49,400,0,None,Hybrid,SEM_EDS_and_ICP_OES,1.447,13.55,93.62,3.225,1.665,6.64,0.971,1,0
Embedded_Systems_for_Recycling,EV_Motor,2,50,60,80,55,200,0,None,Hydrometallurgical,SEM_EDS,1.223,21.31,87.11,1.983,1.164,5.65,1.095,1,0
Renewable_Energy_Systems,Server_HDD,2,200,90,40,81,600,0,None,Hybrid,SEM_EDS,1.192,5.57,93.54,2.443,1.093,6.5,1.354,1,0
Power_Electronics,Laptop_HDD,2,200,120,80,27,400,0,None,Hydrometallurgical,ICP_OES,1.332,6.63,99.5,3.212,2.114,3.98,0.728,1,0
Embedded_Systems_for_Recycling,Laptop_HDD,2,150,180,80,67,800,0,None,Pyrometallurgical,SEM_EDS,1.101,7.3,99.5,4.567,2.44,3.29,0.571,1,0
Embedded_Systems_for_Recycling,Laptop_HDD,0.5,100,60,60,65,600,1,Citric_Acid,Hydrometallurgical,SEM_EDS_and_ICP_OES,1.414,11.5,81.3,1.85,1.249,2.63,0.814,0,1
Embedded_Systems_for_Recycling,Server_HDD,1,50,120,25,38,200,0,None,Hybrid,ICP_OES,1.103,17.1,77.53,2.592,1.401,5.54,0.818,0,0
Magnetic_Materials,EV_Motor,1,50,60,60,53,800,0,None,Hydrometallurgical,ICP_OES,1.103,19.67,89.17,2.017,0.973,2.63,0.83,1,0
Magnetic_Materials,Server_HDD,4,100,180,80,43,400,0,None,Pyrometallurgical,SEM_EDS_and_ICP_OES,1.125,11.19,99.5,4.46,1.974,8.3,0.516,1,0
Magnetic_Materials,Server_HDD,1,200,30,60,53,400,1,Malic_Acid,Hybrid,SEM_EDS,1.375,5.78,84.02,1.257,0.504,2.14,0.489,0,1
Power_Electronics,Laptop_HDD,1,100,90,40,73,400,1,Malic_Acid,Hydrometallurgical,SEM_EDS,1.168,9.95,85.18,2.17,1.214,5.3,0.767,1,1
Renewable_Energy_Systems,Wind_Turbine_Generator,4,100,90,60,59,200,0,None,Hydrometallurgical,SEM_EDS_and_ICP_OES,1.059,10.02,94.59,2.259,0.976,7.79,1.007,1,0
Renewable_Energy_Systems,EV_Motor,0.5,50,90,60,58,400,0,None,Hybrid,ICP_OES,1.17,18.67,79.79,2.465,1.276,6,1.156,0,0
Renewable_Energy_Systems,Laptop_HDD,4,100,30,60,44,200,1,Malic_Acid,Hydrometallurgical,ICP_OES,1.256,12.5,99.5,1.157,0.667,4.96,0.953,1,1
Magnetic_Materials,Wind_Turbine_Generator,2,150,180,25,28,400,0,None,Hydrometallurgical,SEM_EDS,1.084,7.13,98.65,3.879,1.872,2.68,0.901,1,0
Renewable_Energy_Systems,Server_HDD,4,150,60,40,47,400,0,None,Hydrometallurgical,ICP_OES,1.088,7.08,97.59,1.567,0.709,1.86,0.769,1,0
Power_Electronics,Server_HDD,1,100,90,80,68,600,0,None,Pyrometallurgical,SEM_EDS_and_ICP_OES,1.578,12.89,81.66,2.774,1.754,6.32,0.542,0,0
Power_Electronics,EV_Motor,0.5,50,60,80,27,600,0,None,Hydrometallurgical,SEM_EDS_and_ICP_OES,1.132,22.53,99.5,2.214,1.514,7.62,0.594,1,0
Magnetic_Materials,EV_Motor,2,100,60,25,34,200,0,None,Hydrometallurgical,SEM_EDS_and_ICP_OES,1.213,10.52,86.73,1.414,0.608,3.86,0.668,1,0
Power_Electronics,EV_Motor,4,100,90,80,52,400,1,Malic_Acid,Hydrometallurgical,SEM_EDS,1.206,12,99.5,2.608,1.165,2.33,0.711,1,0
Embedded_Systems_for_Recycling,Laptop_HDD,2,100,60,40,35,400,1,Citric_Acid,Hydrometallurgical,ICP_OES,1.198,10.26,85.63,1.652,1.137,1,0.736,1,1
Renewable_Energy_Systems,Laptop_HDD,0.5,250,60,60,38,200,0,None,Hybrid,SEM_EDS_and_ICP_OES,1.354,4.63,85.53,1.682,0.692,2.78,0.828,1,0
Renewable_Energy_Systems,Wind_Turbine_Generator,4,150,60,60,44,600,1,Malic_Acid,Hybrid,SEM_EDS_and_ICP_OES,1.403,9.31,99.5,2.003,1.389,4.38,0.941,1,1
Magnetic_Materials,Laptop_HDD,4,150,60,80,30,600,0,None,Pyrometallurgical,SEM_EDS,1.215,8.06,99.5,2.154,0.865,7.8,0.644,1,0
Magnetic_Materials,Laptop_HDD,2,100,120,80,35,200,0,None,Hydrometallurgical,ICP_OES,1.076,10.71,99.5,3.062,2.027,5.95,0.344,1,0
Renewable_Energy_Systems,Server_HDD,4,100,120,40,61,400,1,Citric_Acid,Hybrid,SEM_EDS,1.452,13.89,95.68,2.835,1.395,5.25,0.758,1,0
Magnetic_Materials,Server_HDD,4,150,30,80,30,200,1,Citric_Acid,Hydrometallurgical,SEM_EDS,1.247,8.27,99.5,1.373,0.936,3.8,0.709,1,1
Magnetic_Materials,Server_HDD,2,150,60,25,26,600,0,None,Hydrometallurgical,ICP_OES,1.521,9.62,94.91,1.583,0.784,3.48,0.925,1,0
Renewable_Energy_Systems,Wind_Turbine_Generator,0.5,200,30,60,41,200,0,None,Hybrid,SEM_EDS,0.924,4.11,88.9,1.136,0.677,7.52,0.641,1,0
Embedded_Systems_for_Recycling,Laptop_HDD,2,100,30,60,61,800,1,Malic_Acid,Hybrid,SEM_EDS_and_ICP_OES,1.29,12.84,99.5,1.389,0.589,5.01,0.958,1,1
Magnetic_Materials,Laptop_HDD,0.5,150,90,60,47,600,1,Citric_Acid,Hybrid,SEM_EDS_and_ICP_OES,1.549,10.06,97.39,2.578,1.219,1,0.843,1,0
Magnetic_Materials,Laptop_HDD,2,100,90,40,43,400,1,Malic_Acid,Hybrid,SEM_EDS,1.208,10.6,87.74,2.218,1.402,3.38,0.774,1,0
Embedded_Systems_for_Recycling,Wind_Turbine_Generator,2,200,60,80,51,600,0,None,Hydrometallurgical,SEM_EDS,1.227,5.5,89.59,2.042,1.141,2.99,0.991,1,0
Embedded_Systems_for_Recycling,Server_HDD,0.5,150,60,40,24,800,0,None,Hydrometallurgical,SEM_EDS_and_ICP_OES,1.305,8,91.99,1.831,1.242,3.59,0.538,1,0
Magnetic_Materials,Laptop_HDD,1,150,30,25,57,600,0,None,Pyrometallurgical,SEM_EDS,1.177,5.71,72.79,1.049,0.555,6,0.72,0,0
Magnetic_Materials,EV_Motor,0.5,50,120,60,56,200,0,None,Hydrometallurgical,SEM_EDS_and_ICP_OES,1.214,19.86,81.8,2.931,1.937,4.57,0.828,0,0
Magnetic_Materials,Wind_Turbine_Generator,4,150,180,40,44,400,1,Malic_Acid,Hydrometallurgical,ICP_OES,1.21,8.03,99.5,4.137,2.212,4.45,0.642,1,0
Magnetic_Materials,EV_Motor,4,50,30,80,65,600,0,None,Hybrid,SEM_EDS_and_ICP_OES,1.167,22.38,95.87,1.571,1.09,7.27,0.977,1,0
Magnetic_Materials,Wind_Turbine_Generator,0.5,100,60,40,33,600,0,None,Hybrid,ICP_OES,1.445,12.12,83.89,1.767,1.216,3.37,0.572,0,0
Magnetic_Materials,Laptop_HDD,4,50,120,40,67,600,1,Malic_Acid,Hydrometallurgical,SEM_EDS,1.33,26.47,99.5,2.944,1.468,8.33,0.93,1,0
Power_Electronics,EV_Motor,2,150,180,80,52,800,0,None,Hybrid,SEM_EDS,1.299,8.62,99.5,4.647,3.094,3.26,0.79,1,0
Embedded_Systems_for_Recycling,Server_HDD,1,100,60,60,45,800,0,None,Hybrid,SEM_EDS,1.382,13.42,97.13,2.037,1.333,4.81,0.818,1,0
Embedded_Systems_for_Recycling,EV_Motor,0.5,100,30,40,50,800,1,Malic_Acid,Pyrometallurgical,ICP_OES,1.221,10.14,83.02,1.235,0.572,4.21,0.708,0,1
Power_Electronics,EV_Motor,2,200,30,60,48,200,1,Malic_Acid,Hydrometallurgical,SEM_EDS_and_ICP_OES,1.145,5.19,90.65,1.177,0.691,4.94,0.722,1,1
Magnetic_Materials,EV_Motor,4,100,90,60,68,400,1,Citric_Acid,Hydrometallurgical,ICP_OES,1.171,11.65,99.5,2.403,1.014,5.49,0.909,1,0
Power_Electronics,EV_Motor,2,150,60,60,34,600,0,None,Hydrometallurgical,SEM_EDS,1.261,8.36,99.46,1.896,1.234,5.47,0.76,1,0
Renewable_Energy_Systems,Laptop_HDD,0.5,100,30,40,39,600,1,Malic_Acid,Hydrometallurgical,SEM_EDS_and_ICP_OES,1.102,9.22,83.64,1.094,0.495,3.26,0.744,0,1
Magnetic_Materials,Server_HDD,0.5,50,90,80,66,600,1,Malic_Acid,Hydrometallurgical,SEM_EDS_and_ICP_OES,1.186,23.6,99.5,2.852,1.201,2.36,1.221,1,0
Power_Electronics,Wind_Turbine_Generator,2,200,30,80,41,200,0,None,Hydrometallurgical,SEM_EDS_and_ICP_OES,1.184,5.89,99.5,1.377,0.716,9.61,0.557,1,0
Magnetic_Materials,Wind_Turbine_Generator,1,50,120,60,64,600,0,None,Hydrometallurgical,SEM_EDS_and_ICP_OES,1.58,31.44,99.5,3.165,1.814,3.64,0.857,1,0
Magnetic_Materials,Laptop_HDD,1,150,60,25,75,600,1,Citric_Acid,Hybrid,ICP_OES,0.845,5.15,91.43,1.547,1.016,6.08,0.61,1,1
Magnetic_Materials,Laptop_HDD,1,150,30,80,44,200,0,None,Hydrometallurgical,SEM_EDS_and_ICP_OES,1.234,7.32,89,1.381,0.956,1.49,0.844,1,0
Power_Electronics,Laptop_HDD,4,150,90,60,60,400,1,Citric_Acid,Hybrid,SEM_EDS_and_ICP_OES,1.52,8.78,86.62,2.444,1.3,4.17,0.627,1,0
Renewable_Energy_Systems,EV_Motor,4,150,60,60,33,200,0,None,Pyrometallurgical,SEM_EDS_and_ICP_OES,1.279,8.48,99.5,1.761,0.736,4.35,0.659,1,0
Magnetic_Materials,EV_Motor,2,100,180,40,61,400,0,None,Hydrometallurgical,ICP_OES,1.374,12.46,90.7,4.001,2.5,5.64,0.781,1,0
Embedded_Systems_for_Recycling,Laptop_HDD,4,50,90,80,53,200,0,None,Hybrid,SEM_EDS,1.276,24.62,96.49,2.558,1.457,1,0.871,1,0
Magnetic_Materials,Server_HDD,1,200,60,60,57,400,1,Citric_Acid,Pyrometallurgical,ICP_OES,1.161,4.95,85.21,1.829,0.977,5.08,0.724,1,1
Renewable_Energy_Systems,EV_Motor,2,150,120,25,40,400,0,None,Hydrometallurgical,SEM_EDS_and_ICP_OES,0.925,5.33,86.47,2.662,1.312,2.44,0.631,1,0
Magnetic_Materials,EV_Motor,1,200,60,40,25,600,0,None,Hybrid,SEM_EDS_and_ICP_OES,1.292,5.97,92.46,1.787,0.984,5.32,0.962,1,0
Magnetic_Materials,Server_HDD,2,200,180,80,58,600,1,Citric_Acid,Hydrometallurgical,SEM_EDS_and_ICP_OES,1.145,5.7,99.5,4.473,2.244,2.53,0.897,1,0
Magnetic_Materials,Server_HDD,4,200,60,25,19,600,1,Citric_Acid,Pyrometallurgical,SEM_EDS,1.141,5.37,94.11,1.628,1.021,2.95,0.533,1,1
Power_Electronics,Server_HDD,2,150,90,80,45,400,1,Malic_Acid,Hydrometallurgical,SEM_EDS_and_ICP_OES,1.186,7.87,99.5,2.684,1.512,4.06,0.725,1,0
Magnetic_Materials,Laptop_HDD,1,100,30,60,64,200,0,None,Hybrid,SEM_EDS_and_ICP_OES,1.523,12.06,79.21,1.106,0.733,2.7,1.199,0,0
Magnetic_Materials,Server_HDD,2,200,60,60,53,800,0,None,Hydrometallurgical,ICP_OES,1.6,7.96,99.5,2.009,1.131,3.65,0.768,1,0
Embedded_Systems_for_Recycling,EV_Motor,0.5,150,120,40,79,200,1,Citric_Acid,Pyrometallurgical,SEM_EDS_and_ICP_OES,1.294,6.11,70.86,2.739,1.291,2.5,0.807,0,0
Renewable_Energy_Systems,Wind_Turbine_Generator,4,100,120,40,65,800,1,Citric_Acid,Hydrometallurgical,ICP_OES,1.191,11.85,99.5,3.064,2.008,1,0.738,1,0
Magnetic_Materials,Server_HDD,2,200,60,80,40,600,0,None,Pyrometallurgical,SEM_EDS_and_ICP_OES,1.084,5.33,98.37,2.142,1.215,6.65,0.64,1,0
Embedded_Systems_for_Recycling,EV_Motor,2,200,60,40,50,400,0,None,Hybrid,SEM_EDS_and_ICP_OES,1.331,5.93,89.1,1.672,0.773,2.12,0.681,1,0
Power_Electronics,Laptop_HDD,2,150,120,60,49,800,1,Malic_Acid,Hydrometallurgical,SEM_EDS_and_ICP_OES,1.528,10.14,99.5,3.338,1.96,4.25,0.539,1,0
Embedded_Systems_for_Recycling,Server_HDD,2,50,180,40,26,200,0,None,Pyrometallurgical,SEM_EDS_and_ICP_OES,1.224,18.16,74.16,3.925,1.991,6.36,0.455,0,0
Magnetic_Materials,Laptop_HDD,0.5,100,30,25,36,400,1,Citric_Acid,Hydrometallurgical,SEM_EDS_and_ICP_OES,0.904,6.67,73.8,0.814,0.532,3.63,0.564,0,1
Power_Electronics,Laptop_HDD,2,200,90,25,42,600,0,None,Hybrid,ICP_OES,1.362,5.72,83.94,2.241,1.201,3.11,0.878,0,0
Renewable_Energy_Systems,EV_Motor,1,250,60,60,19,400,0,None,Hydrometallurgical,ICP_OES,1.409,4.97,88.24,1.934,1.195,5.17,0.569,1,0
Magnetic_Materials,Wind_Turbine_Generator,2,100,120,80,51,800,1,Citric_Acid,Hybrid,SEM_EDS_and_ICP_OES,1.023,10.18,99.5,3.47,1.487,6.84,0.764,1,0
Power_Electronics,Laptop_HDD,4,50,30,40,46,200,0,None,Hybrid,SEM_EDS,1.287,22.43,87.12,0.896,0.465,2.39,1.034,1,0
Magnetic_Materials,Server_HDD,4,200,60,40,25,400,0,None,Hydrometallurgical,ICP_OES,1.329,6.61,99.5,1.644,1.143,4.3,0.934,1,0
Renewable_Energy_Systems,EV_Motor,2,100,120,40,56,600,0,None,Hydrometallurgical,SEM_EDS_and_ICP_OES,1.25,12.21,97.71,2.894,1.86,1.16,0.774,1,0
Magnetic_Materials,Laptop_HDD,2,150,30,60,61,600,0,None,Hydrometallurgical,SEM_EDS_and_ICP_OES,1.142,6.97,91.5,1.382,0.619,3.9,0.729,1,0
Power_Electronics,Server_HDD,0.5,250,90,40,53,400,1,Citric_Acid,Hybrid,ICP_OES,1.413,4.85,85.84,2.182,1.055,4.81,0.642,1,0
Embedded_Systems_for_Recycling,EV_Motor,4,50,60,80,45,400,1,Malic_Acid,Hydrometallurgical,SEM_EDS,1.2,23.88,99.5,2.035,1.015,2.9,0.914,1,1
Embedded_Systems_for_Recycling,Server_HDD,1,150,60,60,59,600,1,Citric_Acid,Hydrometallurgical,ICP_OES,1.038,6.45,93.27,1.9,1.131,3.75,0.804,1,1
Embedded_Systems_for_Recycling,Laptop_HDD,2,50,60,60,60,200,0,None,Hybrid,ICP_OES,0.954,16.23,85.08,1.756,1.101,1.93,0.773,1,0
Magnetic_Materials,Laptop_HDD,1,100,90,25,55,600,0,None,Hydrometallurgical,SEM_EDS,1.45,11.79,81.33,2.182,1.363,4.94,0.662,0,0
Power_Electronics,EV_Motor,0.5,200,60,80,38,600,0,None,Pyrometallurgical,SEM_EDS_and_ICP_OES,1.353,5.71,84.36,2.159,1.194,6.87,0.586,0,0
Magnetic_Materials,Server_HDD,2,100,90,40,54,600,1,Malic_Acid,Hydrometallurgical,ICP_OES,1.274,10.66,83.68,2.351,1.512,2.57,0.884,0,0
Power_Electronics,Laptop_HDD,0.5,250,120,25,68,600,1,Citric_Acid,Hydrometallurgical,ICP_OES,1.195,4.18,87.51,2.751,1.461,3.48,0.627,1,0
Power_Electronics,EV_Motor,2,150,120,60,41,400,1,Malic_Acid,Hybrid,ICP_OES,1.182,7.84,99.5,3.081,1.347,5.61,0.954,1,0
Renewable_Energy_Systems,Laptop_HDD,1,100,60,60,81,600,0,None,Hydrometallurgical,SEM_EDS_and_ICP_OES,1.1,9.98,90.74,1.948,1.109,7.12,0.848,1,0
Renewable_Energy_Systems,EV_Motor,0.5,100,30,40,42,800,0,None,Hydrometallurgical,ICP_OES,1.196,10.57,88.37,1.201,0.824,1.73,0.73,1,0
Magnetic_Materials,Laptop_HDD,2,100,60,40,50,400,0,None,Hybrid,SEM_EDS,0.943,7.35,77.96,1.762,1.124,4.48,0.533,0,0
Magnetic_Materials,Wind_Turbine_Generator,0.5,100,60,60,40,800,0,None,Hydrometallurgical,SEM_EDS,1.151,11.45,99.5,2.074,1.19,5.17,0.748,1,0
Renewable_Energy_Systems,Laptop_HDD,1,50,60,40,53,400,0,None,Hybrid,SEM_EDS_and_ICP_OES,1.214,17.06,70.28,1.642,0.975,4.69,0.749,0,0
Renewable_Energy_Systems,Laptop_HDD,2,100,90,80,24,200,1,Malic_Acid,Hybrid,SEM_EDS_and_ICP_OES,1.352,13.45,99.5,2.621,1.78,1,0.66,1,0
Embedded_Systems_for_Recycling,Laptop_HDD,0.5,150,30,60,42,400,0,None,Hydrometallurgical,ICP_OES,1.255,7.05,84.25,1.342,0.709,5.76,1.054,0,0
Renewable_Energy_Systems,Laptop_HDD,4,200,30,40,34,800,0,None,Hydrometallurgical,ICP_OES,1.38,6.87,99.5,1.243,0.621,7.64,0.756,1,0
Renewable_Energy_Systems,Wind_Turbine_Generator,0.5,150,60,40,52,400,0,None,Hybrid,SEM_EDS,1.463,8.23,84.39,1.667,1.156,4.99,0.651,0,0
Power_Electronics,Wind_Turbine_Generator,1,200,90,40,65,800,1,Malic_Acid,Hydrometallurgical,SEM_EDS_and_ICP_OES,1.42,6.62,93.27,2.401,1.582,2.61,0.733,1,0
Magnetic_Materials,Laptop_HDD,2,50,60,60,60,800,1,Citric_Acid,Hydrometallurgical,SEM_EDS_and_ICP_OES,1.332,24.42,91.65,2.043,1.015,3.66,0.969,1,1
Magnetic_Materials,Server_HDD,1,100,90,60,14,400,1,Malic_Acid,Hybrid,SEM_EDS,1.263,11.75,93,2.44,1.315,8.21,0.88,1,0
Power_Electronics,EV_Motor,0.5,150,60,40,81,200,1,Malic_Acid,Hydrometallurgical,SEM_EDS,1.114,5.48,73.8,1.559,0.818,6.68,1.011,0,1
Power_Electronics,Wind_Turbine_Generator,1,150,120,60,54,600,0,None,Hybrid,SEM_EDS,1.372,9.1,99.5,3.167,1.408,5.89,0.958,1,0
Magnetic_Materials,Server_HDD,1,50,120,80,38,400,1,Citric_Acid,Hydrometallurgical,SEM_EDS,1.513,30.11,99.5,3.278,2.253,5.32,0.862,1,0
Magnetic_Materials,Laptop_HDD,4,200,60,40,52,600,0,None,Hydrometallurgical,SEM_EDS_and_ICP_OES,1.312,6.53,99.5,1.762,0.919,3.28,1.094,1,0
Renewable_Energy_Systems,Server_HDD,1,200,60,80,53,400,0,None,Hydrometallurgical,SEM_EDS,1.549,7.07,91.32,1.989,1.318,4.29,0.425,1,0
Embedded_Systems_for_Recycling,EV_Motor,4,150,60,40,40,400,1,Citric_Acid,Hybrid,ICP_OES,1.032,6.19,90,1.603,0.732,4.54,0.883,1,1
Power_Electronics,Laptop_HDD,4,50,60,25,53,600,1,Citric_Acid,Pyrometallurgical,SEM_EDS,1.088,18.16,83.47,1.573,0.888,5.86,1.012,0,1
Renewable_Energy_Systems,Server_HDD,2,200,90,40,41,400,0,None,Hybrid,SEM_EDS_and_ICP_OES,1.389,6.37,91.77,2.236,0.91,7.7,0.487,1,0
Embedded_Systems_for_Recycling,Laptop_HDD,4,150,120,40,44,400,0,None,Hydrometallurgical,SEM_EDS_and_ICP_OES,1.301,8.63,99.5,2.903,1.827,6.84,0.593,1,0
Renewable_Energy_Systems,EV_Motor,1,200,90,40,40,400,0,None,Hydrometallurgical,SEM_EDS,1.458,6.85,93.91,2.192,1.259,1.82,0.58,1,0
Magnetic_Materials,Laptop_HDD,4,200,120,25,29,400,0,None,Hydrometallurgical,ICP_OES,1.259,6.26,99.5,2.682,1.576,5.05,0.549,1,0
Renewable_Energy_Systems,Server_HDD,0.5,200,60,80,52,400,0,None,Hydrometallurgical,SEM_EDS,1.131,5.24,92.58,2.098,0.872,6.15,0.714,1,0
Renewable_Energy_Systems,Server_HDD,2,150,60,80,59,600,0,None,Pyrometallurgical,ICP_OES,1.229,8.02,97.84,2.135,0.989,5.86,0.894,1,0
Embedded_Systems_for_Recycling,Server_HDD,2,50,120,60,58,400,0,None,Pyrometallurgical,SEM_EDS,1.031,17.28,83.81,3.073,1.298,3.5,1.013,0,0
Renewable_Energy_Systems,Laptop_HDD,1,150,60,40,62,400,1,Malic_Acid,Hydrometallurgical,SEM_EDS_and_ICP_OES,1.092,6.76,92.79,1.643,0.8,10.5,1.076,1,1
Embedded_Systems_for_Recycling,Server_HDD,2,150,90,25,55,600,0,None,Hybrid,SEM_EDS_and_ICP_OES,1.407,8.05,85.85,2.213,1.302,2.19,0.657,1,0
Power_Electronics,Server_HDD,2,200,60,25,42,400,0,None,Hydrometallurgical,SEM_EDS_and_ICP_OES,1.392,5.97,85.77,1.489,0.849,2.58,0.591,1,0
Power_Electronics,Server_HDD,0.5,100,30,60,63,400,0,None,Hybrid,SEM_EDS,1.315,8.76,66.62,1.283,0.749,5.4,1.128,0,0
Power_Electronics,Server_HDD,1,100,180,80,30,800,1,Malic_Acid,Hydrometallurgical,SEM_EDS_and_ICP_OES,1.003,9.98,99.5,4.573,2.583,8.84,0.829,1,0
Magnetic_Materials,EV_Motor,2,200,60,40,36,600,0,None,Hydrometallurgical,SEM_EDS_and_ICP_OES,1.207,6,99.48,1.732,0.835,2.93,0.747,1,0
Renewable_Energy_Systems,EV_Motor,2,200,180,25,36,600,0,None,Hydrometallurgical,SEM_EDS,1.077,5.12,95.06,4.015,1.901,4.12,0.825,1,0
Embedded_Systems_for_Recycling,Laptop_HDD,4,250,180,60,66,600,0,None,Hydrometallurgical,ICP_OES,1.437,5.72,99.5,4.377,1.931,6.76,0.874,1,0
Renewable_Energy_Systems,EV_Motor,4,200,120,40,64,200,1,Citric_Acid,Pyrometallurgical,SEM_EDS,1.173,5.84,99.5,2.825,1.85,4.57,0.975,1,0
Embedded_Systems_for_Recycling,Server_HDD,4,150,90,40,57,600,1,Malic_Acid,Hydrometallurgical,ICP_OES,1.098,7.23,98.72,2.33,1.363,3.94,0.768,1,0
Power_Electronics,Laptop_HDD,2,150,90,60,66,400,1,Citric_Acid,Hydrometallurgical,ICP_OES,1.265,8.39,99.5,2.524,1.151,5.74,0.934,1,0
Embedded_Systems_for_Recycling,Laptop_HDD,1,200,120,60,37,400,1,Malic_Acid,Hybrid,SEM_EDS_and_ICP_OES,1.165,5.55,95.34,3.017,1.367,5.19,0.433,1,0
Magnetic_Materials,Laptop_HDD,0.5,150,60,25,55,400,1,Citric_Acid,Pyrometallurgical,ICP_OES,1.484,6.92,69.96,1.566,1.037,6.96,0.687,0,1
Magnetic_Materials,EV_Motor,4,150,90,25,48,200,1,Citric_Acid,Hybrid,SEM_EDS_and_ICP_OES,1.151,6.67,86.88,2.041,1.271,7.31,0.655,1,1
Magnetic_Materials,EV_Motor,2,100,90,80,63,200,0,None,Hydrometallurgical,SEM_EDS,1.051,10.08,95.89,2.504,1.497,5.26,0.79,1,0
Magnetic_Materials,EV_Motor,0.5,150,60,40,48,800,0,None,Pyrometallurgical,SEM_EDS_and_ICP_OES,0.938,5.9,94.4,1.865,0.974,5.24,0.605,1,0
Magnetic_Materials,Server_HDD,1,200,60,25,44,400,1,Malic_Acid,Pyrometallurgical,SEM_EDS,1.256,5.14,81.91,1.497,0.716,5.21,0.663,0,1
Power_Electronics,Server_HDD,4,100,60,40,58,400,0,None,Hydrometallurgical,SEM_EDS_and_ICP_OES,1.177,10.57,89.78,1.681,1.166,5.68,0.537,1,0
Power_Electronics,Laptop_HDD,2,100,90,25,63,200,0,None,Hydrometallurgical,ICP_OES,1.047,8.71,83.18,1.989,1.271,4.88,0.975,0,0
Embedded_Systems_for_Recycling,Laptop_HDD,2,100,120,40,40,200,1,Citric_Acid,Hydrometallurgical,SEM_EDS,1.439,12.68,88.12,2.735,1.342,4.72,0.733,1,0
Magnetic_Materials,Server_HDD,2,100,60,80,49,600,0,None,Hydrometallurgical,SEM_EDS_and_ICP_OES,1.361,13.54,99.5,2.218,1.451,7,0.454,1,0
Magnetic_Materials,Laptop_HDD,1,100,180,40,34,400,1,Malic_Acid,Hydrometallurgical,ICP_OES,1.257,12.34,98.13,4.045,2.539,7.65,0.553,1,0
Renewable_Energy_Systems,Laptop_HDD,1,100,90,40,13,400,1,Citric_Acid,Hydrometallurgical,SEM_EDS_and_ICP_OES,1.466,10.89,74.28,2.291,1.121,1.84,0.682,0,0
Power_Electronics,Server_HDD,1,250,120,60,53,400,0,None,Pyrometallurgical,SEM_EDS_and_ICP_OES,1.36,4.73,86.88,3.039,1.604,4.75,0.706,1,0
Power_Electronics,EV_Motor,0.5,150,90,60,59,600,1,Citric_Acid,Pyrometallurgical,ICP_OES,1.138,7.06,93.12,2.633,1.2,3.29,0.706,1,0
Magnetic_Materials,Wind_Turbine_Generator,4,100,120,80,54,200,0,None,Hybrid,ICP_OES,1.105,10.99,99.5,3.116,1.35,3.98,0.805,1,0
Renewable_Energy_Systems,Wind_Turbine_Generator,2,50,30,80,21,200,0,None,Hybrid,SEM_EDS_and_ICP_OES,1.384,23.19,83.78,1.319,0.814,5.57,0.724,0,0
Power_Electronics,Server_HDD,4,150,120,25,45,400,0,None,Hydrometallurgical,SEM_EDS,1.32,8.36,95.03,2.776,1.333,5.99,0.488,1,0
Renewable_Energy_Systems,Server_HDD,4,100,30,60,17,400,1,Citric_Acid,Hybrid,SEM_EDS_and_ICP_OES,1.286,11.99,93.27,1.228,0.793,4.44,0.745,1,1
Power_Electronics,Server_HDD,1,200,120,40,71,400,1,Citric_Acid,Hybrid,SEM_EDS_and_ICP_OES,1.134,5,88.16,2.93,2.047,1,0.745,1,0
Magnetic_Materials,EV_Motor,2,150,180,80,34,600,0,None,Hydrometallurgical,SEM_EDS,1.352,8.97,99.5,4.595,1.944,2.67,0.716,1,0
Renewable_Energy_Systems,Laptop_HDD,2,200,60,40,69,600,1,Malic_Acid,Pyrometallurgical,SEM_EDS,1.148,5.34,93.02,1.742,0.944,6.46,0.888,1,1
Magnetic_Materials,Server_HDD,4,100,60,80,64,600,0,None,Hybrid,SEM_EDS_and_ICP_OES,1.246,12.4,99.5,2.059,1.319,1,0.765,1,0
Renewable_Energy_Systems,EV_Motor,1,150,120,60,36,400,1,Citric_Acid,Hydrometallurgical,ICP_OES,1.478,9.8,99.5,3.049,1.941,6.98,0.525,1,0
Renewable_Energy_Systems,Laptop_HDD,2,100,60,40,33,200,0,None,Hybrid,ICP_OES,1.162,9.96,85.74,1.555,0.977,5.79,0.658,1,0
Power_Electronics,Server_HDD,2,250,120,60,55,400,1,Citric_Acid,Hydrometallurgical,SEM_EDS,1.025,4.08,99.5,3.108,1.569,7.24,1.15,1,0
Power_Electronics,Server_HDD,1,150,30,80,37,800,0,None,Hydrometallurgical,SEM_EDS_and_ICP_OES,1.103,7.32,99.5,1.729,0.927,4.21,0.463,1,0
Renewable_Energy_Systems,Laptop_HDD,0.5,100,30,80,52,600,0,None,Hydrometallurgical,SEM_EDS,1.41,12.67,89.86,1.516,0.877,1,1.148,1,0
Renewable_Energy_Systems,Laptop_HDD,2,100,180,25,43,600,0,None,Pyrometallurgical,ICP_OES,1.299,12.19,93.86,4.04,2.796,5.52,0.713,1,0
Magnetic_Materials,Laptop_HDD,2,100,90,60,23,200,1,Malic_Acid,Hybrid,SEM_EDS_and_ICP_OES,1.242,12.36,99.5,2.388,1.19,7.15,0.672,1,0
Renewable_Energy_Systems,Laptop_HDD,1,150,120,40,17,400,0,None,Hybrid,ICP_OES,1.185,6.8,86.1,2.904,1.966,6.59,0.418,1,0
Magnetic_Materials,Laptop_HDD,2,100,60,25,53,200,1,Malic_Acid,Hydrometallurgical,ICP_OES,1.334,10.07,75.49,1.425,0.685,3.52,0.661,0,1
Embedded_Systems_for_Recycling,EV_Motor,1,150,90,40,42,600,0,None,Hydrometallurgical,SEM_EDS_and_ICP_OES,1.134,6.83,90.29,2.253,1.57,4.87,0.659,1,0
Magnetic_Materials,Laptop_HDD,2,100,90,40,42,800,0,None,Hybrid,SEM_EDS_and_ICP_OES,1.307,12.84,98.26,2.442,1.468,3.55,0.551,1,0
Power_Electronics,Server_HDD,1,150,90,80,60,800,0,None,Pyrometallurgical,SEM_EDS_and_ICP_OES,1.151,7.63,99.5,2.792,1.505,2.97,0.808,1,0
Renewable_Energy_Systems,Laptop_HDD,4,200,90,40,68,400,1,Malic_Acid,Hydrometallurgical,ICP_OES,1.126,5.43,96.38,2.24,1.308,6.55,0.809,1,0
Power_Electronics,Wind_Turbine_Generator,1,200,90,80,46,400,0,None,Hydrometallurgical,SEM_EDS_and_ICP_OES,1.165,5.8,99.5,2.699,1.3,2.21,1.15,1,0
Power_Electronics,Laptop_HDD,1,200,60,25,45,800,1,Malic_Acid,Hybrid,SEM_EDS,1.205,5.22,86.69,1.715,0.827,2.95,0.542,1,1
Embedded_Systems_for_Recycling,Server_HDD,0.5,100,60,40,58,600,1,Malic_Acid,Hybrid,SEM_EDS,1.254,10.07,80.27,1.807,0.784,2.59,0.861,0,1
Power_Electronics,Wind_Turbine_Generator,0.5,50,120,40,30,200,1,Citric_Acid,Hydrometallurgical,SEM_EDS,1.296,19.75,76.19,2.767,1.201,1.86,0.75,0,0
Renewable_Energy_Systems,EV_Motor,2,150,60,40,53,400,0,None,Hydrometallurgical,ICP_OES,0.8,5.31,99.5,1.585,0.799,4.9,0.601,1,0
Magnetic_Materials,Laptop_HDD,1,100,90,25,58,400,1,Citric_Acid,Hybrid,SEM_EDS_and_ICP_OES,1.14,9.03,79.21,1.974,1.241,7.13,0.977,0,1
Magnetic_Materials,EV_Motor,4,100,60,40,60,400,1,Malic_Acid,Pyrometallurgical,ICP_OES,1.202,10.41,86.65,1.657,0.965,4.36,0.77,1,1
Magnetic_Materials,Server_HDD,0.5,50,90,60,21,400,0,None,Hydrometallurgical,SEM_EDS_and_ICP_OES,1.487,26.92,90.52,2.439,1.051,1.68,0.2,1,0
Power_Electronics,Server_HDD,1,100,120,40,39,600,1,Citric_Acid,Hydrometallurgical,SEM_EDS_and_ICP_OES,1.099,10.62,96.65,2.901,1.902,6.31,0.877,1,0
Renewable_Energy_Systems,Laptop_HDD,1,50,60,40,37,400,0,None,Hybrid,SEM_EDS_and_ICP_OES,1.285,19.47,75.76,1.565,0.908,8.21,0.512,0,0
Magnetic_Materials,Laptop_HDD,0.5,200,30,40,51,200,0,None,Hydrometallurgical,ICP_OES,1.485,5.95,80.1,0.913,0.628,3.51,0.595,0,0
Power_Electronics,EV_Motor,0.5,100,30,80,57,400,0,None,Hydrometallurgical,SEM_EDS_and_ICP_OES,1.064,8.74,82.17,1.44,0.866,3.82,0.973,0,0
Renewable_Energy_Systems,Server_HDD,2,150,90,80,72,600,0,None,Hydrometallurgical,ICP_OES,1.32,8.76,99.5,2.783,1.259,5.64,0.841,1,0
Power_Electronics,Server_HDD,2,50,120,40,43,600,0,None,Hydrometallurgical,SEM_EDS,1.141,18.68,81.85,2.959,1.604,8.03,0.949,0,0
Power_Electronics,EV_Motor,2,150,30,40,43,400,0,None,Pyrometallurgical,SEM_EDS_and_ICP_OES,1.185,5.77,73.08,1.13,0.672,3.83,1.007,0,0
Renewable_Energy_Systems,EV_Motor,2,100,120,25,67,800,1,Citric_Acid,Hydrometallurgical,SEM_EDS,1.141,11.35,99.5,2.848,1.163,1.94,0.756,1,0
Power_Electronics,Laptop_HDD,2,200,60,80,54,800,0,None,Pyrometallurgical,SEM_EDS,1.151,5.73,99.5,2.294,0.928,5.87,0.979,1,0
Magnetic_Materials,Server_HDD,0.5,200,90,25,69,400,0,None,Hydrometallurgical,SEM_EDS_and_ICP_OES,1.6,6.3,78.73,2.102,0.922,6.41,0.744,0,0
Magnetic_Materials,Laptop_HDD,2,100,180,40,54,200,0,None,Hydrometallurgical,ICP_OES,1.388,13.66,98.41,3.985,1.895,4.63,1.267,1,0
Magnetic_Materials,EV_Motor,4,250,60,40,33,600,1,Malic_Acid,Hydrometallurgical,SEM_EDS_and_ICP_OES,1.426,5.68,99.5,1.728,0.914,3.49,0.576,1,1
Power_Electronics,EV_Motor,2,250,90,40,30,600,1,Malic_Acid,Hybrid,ICP_OES,1.335,5.31,99.5,2.404,1.313,6.59,0.905,1,0
Power_Electronics,Wind_Turbine_Generator,2,200,30,40,27,800,1,Citric_Acid,Hybrid,ICP_OES,1.02,5.05,99.08,1.265,0.558,5.67,0.854,1,1
Power_Electronics,Laptop_HDD,1,200,30,60,60,800,1,Citric_Acid,Hydrometallurgical,ICP_OES,1.32,6.46,97.88,1.416,0.852,3.08,0.913,1,1
Magnetic_Materials,Laptop_HDD,4,100,60,25,68,600,0,None,Hybrid,ICP_OES,1.422,12.73,89.52,1.599,0.926,4.8,0.756,1,0
Magnetic_Materials,Laptop_HDD,4,150,30,60,78,400,1,Malic_Acid,Pyrometallurgical,ICP_OES,1.133,7.52,99.5,1.238,0.605,1.9,0.91,1,1
Power_Electronics,Laptop_HDD,2,50,90,25,63,200,0,None,Hybrid,SEM_EDS_and_ICP_OES,1.406,20.74,73.75,2.024,0.818,6.23,0.434,0,0
Embedded_Systems_for_Recycling,Laptop_HDD,4,50,60,25,67,400,0,None,Hydrometallurgical,SEM_EDS_and_ICP_OES,1.367,24.54,89.76,1.441,0.61,4.18,0.93,1,0
Power_Electronics,Wind_Turbine_Generator,0.5,250,90,80,41,400,1,Malic_Acid,Pyrometallurgical,SEM_EDS_and_ICP_OES,1.539,6.13,99.5,2.649,1.371,3.73,0.825,1,0
Magnetic_Materials,Laptop_HDD,0.5,100,60,40,33,600,0,None,Hydrometallurgical,SEM_EDS,1.198,10.19,85.04,1.77,0.79,4.68,0.742,1,0
Magnetic_Materials,Laptop_HDD,4,200,60,80,63,600,1,Citric_Acid,Hydrometallurgical,SEM_EDS_and_ICP_OES,1.096,5.45,99.5,2.152,1.104,4.69,0.27,1,1
Embedded_Systems_for_Recycling,EV_Motor,4,200,90,60,56,600,1,Malic_Acid,Hybrid,SEM_EDS_and_ICP_OES,1.207,6,99.5,2.617,1.54,6.39,0.577,1,0
Magnetic_Materials,Server_HDD,0.5,200,180,25,52,400,0,None,Hydrometallurgical,SEM_EDS_and_ICP_OES,1.476,6.5,88.04,3.939,2.222,5.9,0.66,1,0
Magnetic_Materials,EV_Motor,1,250,30,80,56,600,0,None,Hydrometallurgical,SEM_EDS,0.987,3.93,99.5,1.55,0.727,4.29,0.888,1,0
Renewable_Energy_Systems,Laptop_HDD,0.5,100,120,40,55,200,0,None,Hydrometallurgical,SEM_EDS_and_ICP_OES,0.951,7.43,78.14,2.761,1.389,6.35,0.883,0,0
Magnetic_Materials,Server_HDD,1,50,90,80,69,400,1,Citric_Acid,Hybrid,SEM_EDS_and_ICP_OES,1.274,23.14,90.82,2.665,1.557,5.49,0.861,1,0
Power_Electronics,Laptop_HDD,4,100,90,40,69,600,1,Malic_Acid,Pyrometallurgical,SEM_EDS,1.195,11.89,99.5,2.37,1.56,3.75,1.022,1,0
Embedded_Systems_for_Recycling,Laptop_HDD,2,50,90,80,58,600,0,None,Hydrometallurgical,SEM_EDS_and_ICP_OES,1.262,23.56,93.35,2.659,1.664,4.42,0.635,1,0
Magnetic_Materials,Wind_Turbine_Generator,1,50,30,25,63,800,0,None,Hybrid,SEM_EDS,1.403,18.31,65.25,1.085,0.614,4.65,0.987,0,0
Magnetic_Materials,Laptop_HDD,1,100,30,60,58,400,1,Malic_Acid,Hydrometallurgical,SEM_EDS_and_ICP_OES,1.178,10.29,87.36,1.176,0.598,5.74,0.935,1,1
Renewable_Energy_Systems,Server_HDD,0.5,200,90,60,43,400,1,Citric_Acid,Hydrometallurgical,SEM_EDS_and_ICP_OES,0.98,4.54,92.62,2.514,1.281,3.94,0.841,1,0
Magnetic_Materials,Server_HDD,1,150,60,80,61,400,0,None,Hybrid,SEM_EDS_and_ICP_OES,1.568,9.71,92.88,2.047,1.359,3.89,0.819,1,0
Magnetic_Materials,Laptop_HDD,2,100,180,80,29,400,0,None,Hydrometallurgical,ICP_OES,1.111,11.05,99.5,4.44,1.828,8.54,1.061,1,0
Magnetic_Materials,Wind_Turbine_Generator,4,150,60,80,66,800,1,Malic_Acid,Hydrometallurgical,SEM_EDS,1.102,7.31,99.5,2.295,1.598,6.48,0.979,1,0
Power_Electronics,Laptop_HDD,4,100,30,80,32,600,0,None,Hydrometallurgical,SEM_EDS_and_ICP_OES,1.427,14.2,99.5,1.571,0.942,3.08,0.516,1,0
Power_Electronics,EV_Motor,0.5,50,120,40,54,800,0,None,Hybrid,ICP_OES,1.203,19.85,82.52,2.994,1.809,5.92,0.87,0,0
Power_Electronics,Wind_Turbine_Generator,4,200,60,40,37,400,1,Malic_Acid,Hydrometallurgical,SEM_EDS,1.251,6.22,99.5,1.646,0.677,4.84,0.885,1,1
Power_Electronics,Server_HDD,4,150,90,40,58,800,1,Malic_Acid,Hybrid,SEM_EDS_and_ICP_OES,1.333,8.84,99.5,2.433,1.415,5.39,0.722,1,0
Embedded_Systems_for_Recycling,Wind_Turbine_Generator,4,200,90,40,49,200,0,None,Hybrid,ICP_OES,1.424,7.08,99.5,2.063,1.125,4.88,1.013,1,0
Power_Electronics,Laptop_HDD,2,50,180,40,26,800,0,None,Hydrometallurgical,SEM_EDS,1.211,24.1,99.5,4.215,1.82,6.98,0.756,1,0
Embedded_Systems_for_Recycling,Server_HDD,1,200,120,60,56,400,0,None,Hybrid,SEM_EDS,1.489,6.91,92.82,3.041,1.47,5.36,0.362,1,0
Renewable_Energy_Systems,Laptop_HDD,1,150,90,40,41,400,0,None,Hydrometallurgical,SEM_EDS,0.941,5.1,81.25,2.244,1.497,4.66,0.815,0,0
Power_Electronics,EV_Motor,0.5,150,90,60,63,400,1,Citric_Acid,Hydrometallurgical,SEM_EDS_and_ICP_OES,1.375,7.99,87.18,2.376,1.342,6.81,0.784,1,0
Magnetic_Materials,Wind_Turbine_Generator,1,150,180,40,50,800,0,None,Hybrid,SEM_EDS_and_ICP_OES,1.135,7.19,95.04,4.308,2.257,5.12,0.907,1,0
Magnetic_Materials,Laptop_HDD,1,200,60,40,56,200,1,Malic_Acid,Hybrid,SEM_EDS_and_ICP_OES,1.467,6.2,84.58,1.545,0.652,5,1.019,0,1
Renewable_Energy_Systems,EV_Motor,2,150,30,60,36,400,1,Malic_Acid,Hydrometallurgical,SEM_EDS_and_ICP_OES,1.282,8.26,96.68,1.252,0.769,5.26,0.769,1,1
Magnetic_Materials,Laptop_HDD,2,150,60,60,41,800,0,None,Hydrometallurgical,SEM_EDS_and_ICP_OES,1.16,7.4,95.68,2.07,1.264,4.46,1.088,1,0
Magnetic_Materials,Server_HDD,2,250,60,60,43,400,0,None,Hydrometallurgical,SEM_EDS_and_ICP_OES,1.36,5.27,96.92,1.811,1.058,4.65,0.729,1,0
Power_Electronics,Server_HDD,0.5,200,90,60,63,200,0,None,Hydrometallurgical,SEM_EDS,1.395,6.27,89.89,2.373,1.312,3.53,0.99,1,0
Embedded_Systems_for_Recycling,Wind_Turbine_Generator,4,100,90,40,75,400,1,Malic_Acid,Hydrometallurgical,SEM_EDS_and_ICP_OES,1.357,13.5,99.5,2.232,1.183,3.1,1.086,1,0
Embedded_Systems_for_Recycling,Server_HDD,4,200,90,60,38,400,1,Citric_Acid,Hydrometallurgical,ICP_OES,1.107,5.51,99.5,2.405,1.39,2.61,0.721,1,0
Magnetic_Materials,Laptop_HDD,4,100,30,25,66,800,0,None,Pyrometallurgical,SEM_EDS_and_ICP_OES,1.188,10.73,90.31,1.129,0.531,1.91,1.036,1,0
Power_Electronics,Laptop_HDD,4,100,120,40,17,600,1,Citric_Acid,Hydrometallurgical,SEM_EDS_and_ICP_OES,1.26,12.54,99.5,3.025,2.064,2.85,0.516,1,0
Magnetic_Materials,Laptop_HDD,2,150,60,40,32,400,1,Citric_Acid,Hydrometallurgical,ICP_OES,1.255,7.81,93.38,1.686,0.972,4.32,0.625,1,1
Power_Electronics,Laptop_HDD,4,250,90,25,36,800,1,Citric_Acid,Hybrid,SEM_EDS_and_ICP_OES,1.373,5.46,99.5,2.346,1.157,4.81,0.468,1,0
Power_Electronics,Laptop_HDD,0.5,250,90,40,30,400,0,None,Hybrid,SEM_EDS,0.959,3.17,82.72,2.224,1.19,4.23,0.748,0,0
Renewable_Energy_Systems,Wind_Turbine_Generator,1,100,60,80,26,200,0,None,Hydrometallurgical,SEM_EDS_and_ICP_OES,1.311,12,91.55,1.87,1.2,1,0.745,1,0
Renewable_Energy_Systems,Server_HDD,1,150,30,80,56,400,1,Malic_Acid,Hydrometallurgical,SEM_EDS,1.218,6.67,82.2,1.525,0.684,7.93,1.066,0,1
Embedded_Systems_for_Recycling,Server_HDD,1,100,30,40,47,400,0,None,Pyrometallurgical,SEM_EDS_and_ICP_OES,1.135,8.04,70.88,1.153,0.562,7.06,0.943,0,0
Magnetic_Materials,Laptop_HDD,0.5,250,120,25,56,200,0,None,Hydrometallurgical,SEM_EDS,1.15,3.66,79.57,2.677,1.617,5.7,0.773,0,0
Magnetic_Materials,Wind_Turbine_Generator,2,250,180,40,60,800,0,None,Hydrometallurgical,SEM_EDS,1.229,4.89,99.5,4.233,2.094,8.42,0.614,1,0
Renewable_Energy_Systems,EV_Motor,4,150,90,40,54,600,0,None,Hybrid,ICP_OES,0.8,5.16,96.76,2.292,1.462,2.68,0.907,1,0
Renewable_Energy_Systems,Laptop_HDD,2,200,30,80,60,400,0,None,Hydrometallurgical,ICP_OES,1.156,5.75,99.5,1.397,0.613,8.38,1.072,1,0
Renewable_Energy_Systems,EV_Motor,0.5,200,60,25,49,600,1,Malic_Acid,Hydrometallurgical,SEM_EDS,1.13,4.87,86.15,1.516,0.953,2.81,0.946,1,1
Embedded_Systems_for_Recycling,Server_HDD,4,150,120,60,32,600,0,None,Hydrometallurgical,SEM_EDS_and_ICP_OES,1.341,8.9,99.5,3.145,1.322,5.08,0.927,1,0
Power_Electronics,Laptop_HDD,2,50,120,25,66,800,0,None,Hydrometallurgical,ICP_OES,1.14,20.66,90.63,2.98,1.203,2.15,0.838,1,0
Embedded_Systems_for_Recycling,Server_HDD,1,150,30,80,41,800,1,Citric_Acid,Hydrometallurgical,SEM_EDS,1.229,8.15,99.5,1.643,1.1,4.63,0.662,1,1
Magnetic_Materials,Server_HDD,2,150,30,40,36,400,0,None,Hybrid,ICP_OES,1.492,9.01,90.61,1.065,0.612,5.47,0.583,1,0
Renewable_Energy_Systems,Laptop_HDD,1,150,120,60,47,600,0,None,Hydrometallurgical,SEM_EDS_and_ICP_OES,1.41,9.22,98.12,3.219,1.627,4.31,0.774,1,0
Magnetic_Materials,Wind_Turbine_Generator,1,100,60,40,36,600,1,Malic_Acid,Hydrometallurgical,SEM_EDS_and_ICP_OES,1.396,11.31,81.01,1.73,0.813,6.22,0.714,0,1
Renewable_Energy_Systems,EV_Motor,4,250,60,60,44,600,1,Malic_Acid,Hydrometallurgical,SEM_EDS_and_ICP_OES,1.186,4.72,99.5,2.052,1.201,4.8,0.811,1,1
Embedded_Systems_for_Recycling,EV_Motor,1,100,30,40,55,200,1,Citric_Acid,Hybrid,SEM_EDS_and_ICP_OES,1.342,10.18,75.85,1.05,0.58,3.8,0.799,0,1
Embedded_Systems_for_Recycling,Server_HDD,2,150,90,25,55,200,1,Citric_Acid,Hydrometallurgical,ICP_OES,1.226,6.61,80.85,1.993,1.39,3.66,0.798,0,1
Renewable_Energy_Systems,Server_HDD,4,150,120,80,37,400,0,None,Hydrometallurgical,SEM_EDS,1.232,8.17,99.5,3.221,2.238,6.23,0.58,1,0
Renewable_Energy_Systems,EV_Motor,2,150,180,80,43,400,1,Malic_Acid,Hybrid,ICP_OES,1.322,8.77,99.5,4.485,2.648,3.3,0.953,1,0
Magnetic_Materials,Server_HDD,0.5,150,90,80,66,200,0,None,Hydrometallurgical,SEM_EDS_and_ICP_OES,1.171,6.88,88.11,2.533,1.35,6.55,0.895,1,0
Embedded_Systems_for_Recycling,Laptop_HDD,0.5,100,90,60,57,600,1,Malic_Acid,Hydrometallurgical,SEM_EDS_and_ICP_OES,1.485,14.78,99.5,2.492,1.364,7.05,0.8,1,0
Power_Electronics,Server_HDD,0.5,100,30,80,81,200,0,None,Hydrometallurgical,ICP_OES,1.237,9.67,78.17,1.414,0.855,1.48,0.806,0,0
Magnetic_Materials,EV_Motor,2,150,90,25,68,600,1,Malic_Acid,Hydrometallurgical,SEM_EDS,1.354,7.79,86.31,2.261,0.973,7,0.624,1,0
Magnetic_Materials,Server_HDD,2,150,60,40,67,400,1,Citric_Acid,Hydrometallurgical,SEM_EDS,1.479,9.19,93.18,1.658,0.827,8.79,1.147,1,1
Magnetic_Materials,Laptop_HDD,0.5,100,90,40,29,800,1,Malic_Acid,Pyrometallurgical,ICP_OES,1.416,12.96,91.53,2.387,1.009,5.19,0.806,1,0
Power_Electronics,EV_Motor,4,200,60,60,61,400,0,None,Hydrometallurgical,SEM_EDS_and_ICP_OES,1.05,5.22,99.5,1.789,0.755,5.8,0.53,1,0
Magnetic_Materials,Laptop_HDD,2,150,60,40,49,200,0,None,Pyrometallurgical,SEM_EDS,1.328,7.16,80.88,1.555,0.713,6.87,0.948,0,0
Embedded_Systems_for_Recycling,Laptop_HDD,1,150,30,25,42,600,1,Malic_Acid,Hydrometallurgical,SEM_EDS_and_ICP_OES,1.389,7.7,83.11,0.975,0.532,4.22,0.944,0,1
Power_Electronics,Laptop_HDD,2,200,60,60,53,600,1,Citric_Acid,Hydrometallurgical,ICP_OES,1.395,6.94,99.5,1.933,1.228,4.97,0.84,1,1
Power_Electronics,Laptop_HDD,2,100,30,80,64,800,0,None,Hydrometallurgical,SEM_EDS_and_ICP_OES,1.094,10.89,99.5,1.701,0.928,1.98,1.19,1,0
Embedded_Systems_for_Recycling,EV_Motor,0.5,50,60,40,58,400,1,Citric_Acid,Hybrid,SEM_EDS_and_ICP_OES,1.162,18.18,78.23,1.687,0.845,5.1,0.883,0,1
Power_Electronics,Server_HDD,1,200,180,25,37,400,1,Malic_Acid,Hydrometallurgical,SEM_EDS_and_ICP_OES,1.41,6.59,93.45,3.969,1.686,5.66,0.452,1,0
Embedded_Systems_for_Recycling,Laptop_HDD,4,150,60,40,61,800,0,None,Pyrometallurgical,SEM_EDS_and_ICP_OES,1.147,7.61,99.5,1.8,1.017,5.64,0.928,1,0
Renewable_Energy_Systems,Wind_Turbine_Generator,2,150,90,40,40,200,1,Malic_Acid,Hydrometallurgical,SEM_EDS_and_ICP_OES,1.216,6.32,77.98,2.133,1.027,6.95,0.799,0,1
Power_Electronics,Wind_Turbine_Generator,2,200,120,40,53,600,0,None,Hydrometallurgical,SEM_EDS_and_ICP_OES,1.497,7.45,99.5,2.988,1.746,3.06,0.694,1,0
Embedded_Systems_for_Recycling,Wind_Turbine_Generator,2,200,180,60,45,400,0,None,Hydrometallurgical,SEM_EDS_and_ICP_OES,1.254,6.11,97.47,4.272,2.961,3.56,0.89,1,0
Renewable_Energy_Systems,Laptop_HDD,0.5,250,90,60,47,200,0,None,Hydrometallurgical,SEM_EDS_and_ICP_OES,1.152,3.98,86.46,2.427,1.052,8.53,0.451,1,0
Magnetic_Materials,Server_HDD,1,150,120,60,61,400,1,Citric_Acid,Hydrometallurgical,SEM_EDS_and_ICP_OES,1.129,7.14,94.9,3.071,1.424,4.35,1.053,1,0
Renewable_Energy_Systems,Wind_Turbine_Generator,2,150,60,40,34,400,1,Malic_Acid,Hydrometallurgical,SEM_EDS_and_ICP_OES,1.311,7.98,91.27,1.742,0.944,5.09,0.544,1,1
Magnetic_Materials,EV_Motor,1,100,60,80,79,600,0,None,Hybrid,SEM_EDS_and_ICP_OES,1.061,10.19,96.03,2.177,1.503,4.51,0.748,1,0
Power_Electronics,Laptop_HDD,0.5,100,60,40,23,800,1,Malic_Acid,Hydrometallurgical,SEM_EDS_and_ICP_OES,1.224,10.5,85.81,1.903,1.202,3.1,0.642,1,1
Renewable_Energy_Systems,Laptop_HDD,4,150,90,40,41,400,1,Citric_Acid,Pyrometallurgical,SEM_EDS,1.311,8.65,99,2.234,1.496,7.86,0.842,1,0
Embedded_Systems_for_Recycling,Server_HDD,4,100,90,80,56,600,1,Citric_Acid,Hydrometallurgical,SEM_EDS,1.456,14.49,99.5,2.751,1.376,3.55,0.863,1,0
Renewable_Energy_Systems,Wind_Turbine_Generator,4,250,60,40,59,200,0,None,Hydrometallurgical,ICP_OES,1.361,5.39,98.98,1.596,1.113,2.36,0.696,1,0
Magnetic_Materials,Server_HDD,4,150,30,25,48,400,1,Citric_Acid,Pyrometallurgical,SEM_EDS_and_ICP_OES,1.154,6.72,87.38,0.981,0.423,3.82,0.689,1,1
Renewable_Energy_Systems,Server_HDD,1,150,90,80,49,200,0,None,Hydrometallurgical,SEM_EDS_and_ICP_OES,1.438,8.95,93.36,2.586,1.075,1,0.568,1,0
Magnetic_Materials,Laptop_HDD,4,100,30,40,56,800,0,None,Hydrometallurgical,ICP_OES,1.216,11.81,97.15,1.246,0.818,3.33,0.785,1,0
Power_Electronics,EV_Motor,1,50,90,60,47,600,0,None,Hybrid,SEM_EDS_and_ICP_OES,1.076,18.41,85.55,2.619,1.776,2.81,1,1,0
Embedded_Systems_for_Recycling,EV_Motor,4,50,90,25,71,600,0,None,Hybrid,SEM_EDS_and_ICP_OES,1.235,22.63,91.64,2.09,0.893,5.92,0.904,1,0
Renewable_Energy_Systems,Laptop_HDD,4,100,120,60,63,600,1,Citric_Acid,Hydrometallurgical,SEM_EDS,1.477,14.7,99.5,3.079,1.336,3.26,1.037,1,0
Power_Electronics,EV_Motor,2,50,120,40,63,600,0,None,Hydrometallurgical,SEM_EDS_and_ICP_OES,1.286,22.35,86.91,2.984,1.223,6.51,1.156,1,0
Power_Electronics,Wind_Turbine_Generator,4,150,120,25,36,800,1,Malic_Acid,Hybrid,SEM_EDS_and_ICP_OES,1.263,8.38,99.5,2.901,1.251,7.4,0.612,1,0
Power_Electronics,Laptop_HDD,2,200,90,60,49,600,0,None,Hydrometallurgical,SEM_EDS,1.507,7.5,99.5,2.58,1.194,6.17,0.758,1,0
Magnetic_Materials,Server_HDD,1,200,120,40,45,800,0,None,Pyrometallurgical,SEM_EDS_and_ICP_OES,1.046,4.81,92.04,3.053,2.11,4.25,1.209,1,0
Renewable_Energy_Systems,Laptop_HDD,2,150,90,40,35,400,1,Malic_Acid,Hydrometallurgical,SEM_EDS_and_ICP_OES,1.068,7.01,98.45,2.279,1.368,4.9,1.014,1,0
Magnetic_Materials,EV_Motor,2,100,60,25,55,200,1,Citric_Acid,Hydrometallurgical,SEM_EDS,1.019,7.58,74.37,1.359,0.861,1.81,0.491,0,1
Renewable_Energy_Systems,Server_HDD,0.5,200,30,25,42,400,0,None,Pyrometallurgical,SEM_EDS,1.317,4.04,61.4,0.929,0.588,4.72,0.837,0,0
Power_Electronics,Server_HDD,2,200,60,40,60,200,0,None,Hydrometallurgical,SEM_EDS_and_ICP_OES,1.286,5.29,82.23,1.6,0.897,3.06,0.85,0,0
Magnetic_Materials,EV_Motor,4,100,60,25,34,600,0,None,Hydrometallurgical,ICP_OES,1.492,13.75,92.17,1.661,1.062,6.07,0.885,1,0
Magnetic_Materials,Laptop_HDD,1,200,90,80,76,400,0,None,Hydrometallurgical,SEM_EDS,1.298,6.25,96.31,2.751,1.592,9.78,0.781,1,0
